# Host: localhost  (Version: 5.5.40)
# Date: 2017-05-31 19:40:56
# Generator: MySQL-Front 5.3  (Build 4.120)

/*!40101 SET NAMES utf8 */;

#
# Structure for table "block"
#

DROP TABLE IF EXISTS `block`;
CREATE TABLE `block` (
  `id` int(11) NOT NULL AUTO_INCREMENT,
  `fileid` int(11) DEFAULT NULL,
  `Length` int(11) DEFAULT NULL,
  `sequence` int(11) DEFAULT NULL,
  PRIMARY KEY (`id`)
) ENGINE=MyISAM AUTO_INCREMENT=436 DEFAULT CHARSET=utf8;

#
# Data for table "block"
#

/*!40000 ALTER TABLE `block` DISABLE KEYS */;
INSERT INTO `block` VALUES (322,78,16777216,0),(323,78,10328000,1),(324,79,16777216,0),(325,79,16777216,1),(326,79,16777216,2),(327,79,16777216,3),(328,79,16777216,4),(329,79,16777216,5),(330,79,16777216,6),(331,79,16777216,7),(332,79,16777216,8),(333,79,16777216,9),(334,79,16777216,10),(335,79,16777216,11),(336,79,16777216,12),(337,79,16777216,13),(338,79,1085766,14),(339,80,16777216,0),(340,80,16777216,1),(341,80,16777216,2),(342,80,16777216,3),(343,80,16777216,4),(344,80,16777216,5),(345,80,16777216,6),(346,80,16777216,7),(347,80,16777216,8),(348,80,16777216,9),(349,80,16777216,10),(350,80,16777216,11),(351,80,16777216,12),(352,80,16777216,13),(353,80,16777216,14),(354,80,16777216,15),(355,80,16777216,16),(356,80,16777216,17),(357,80,16777216,18),(358,80,16777216,19),(359,80,16777216,20),(360,80,16777216,21),(361,80,16777216,22),(362,80,16777216,23),(363,80,16777216,24),(364,80,16777216,25),(365,80,16777216,26),(366,80,16777216,27),(367,80,16777216,28),(368,80,16777216,29),(369,80,16777216,30),(370,80,16777216,31),(371,80,16777216,32),(372,80,16777216,33),(373,80,16777216,34),(374,80,16777216,35),(375,80,16777216,36),(376,80,16777216,37),(377,80,16777216,38),(378,80,16777216,39),(379,80,16777216,40),(380,80,16777216,41),(381,80,16777216,42),(382,80,16777216,43),(383,80,16777216,44),(384,80,16777216,45),(385,80,16777216,46),(386,80,16777216,47),(387,80,16777216,48),(388,80,16777216,49),(389,80,16777216,50),(390,80,16777216,51),(391,80,16777216,52),(392,80,16777216,53),(393,80,16777216,54),(394,80,16777216,55),(395,80,16777216,56),(396,80,16777216,57),(397,80,16777216,58),(398,80,16777216,59),(399,80,16777216,60),(400,80,16777216,61),(401,80,16777216,62),(402,80,16777216,63),(403,80,16777216,64),(404,80,16777216,65),(405,80,16777216,66),(406,80,16777216,67),(407,80,16777216,68),(408,80,16777216,69),(409,80,16777216,70),(410,80,16777216,71),(411,80,16777216,72),(412,80,16777216,73),(413,80,16777216,74),(414,80,16777216,75),(415,80,16777216,76),(416,80,16777216,77),(417,80,16777216,78),(418,80,16777216,79),(419,80,16777216,80),(420,80,16777216,81),(421,80,16777216,82),(422,80,16777216,83),(423,80,16777216,84),(424,80,16777216,85),(425,80,16777216,86),(426,80,16777216,87),(427,80,16777216,88),(428,80,16777216,89),(429,80,16777216,90),(430,80,16777216,91),(431,80,16777216,92),(432,80,6795767,93),(433,81,16777216,0),(434,81,16777216,1),(435,81,9532008,2);
/*!40000 ALTER TABLE `block` ENABLE KEYS */;

#
# Structure for table "file"
#

DROP TABLE IF EXISTS `file`;
CREATE TABLE `file` (
  `id` int(11) NOT NULL AUTO_INCREMENT,
  `Filename` varchar(255) DEFAULT NULL,
  `Length` int(11) DEFAULT NULL,
  `MD5` varchar(255) DEFAULT NULL,
  PRIMARY KEY (`id`)
) ENGINE=MyISAM AUTO_INCREMENT=82 DEFAULT CHARSET=utf8;

#
# Data for table "file"
#

/*!40000 ALTER TABLE `file` DISABLE KEYS */;
INSERT INTO `file` VALUES (78,'access.zip',27105216,'1787eaf8b369240fa407ea7fdcd3f235'),(79,'5s照片备份.zip',235966790,'05c747634dc063ccca702790d69f9e2e'),(80,'cdzj.mp4',1567076855,'4c536233b8433dc81f1f8dcb4e241e09'),(81,'WeSing_2.10.626.104.exe',43086440,'1a6f61cc57398170e244c30ed7876f7b');
/*!40000 ALTER TABLE `file` ENABLE KEYS */;

#
# Structure for table "store"
#

DROP TABLE IF EXISTS `store`;
CREATE TABLE `store` (
  `id` int(11) NOT NULL AUTO_INCREMENT,
  `blockid` int(11) DEFAULT NULL,
  `serverid` int(11) DEFAULT NULL,
  `name` varchar(255) DEFAULT NULL,
  PRIMARY KEY (`id`)
) ENGINE=MyISAM AUTO_INCREMENT=3140 DEFAULT CHARSET=utf8;

#
# Data for table "store"
#

/*!40000 ALTER TABLE `store` DISABLE KEYS */;
INSERT INTO `store` VALUES (677,322,0,'89ded95a-ab75-4803-83eb-25ba04d435c2'),(678,322,1,'7d2c9e2a-0d5f-4e0a-b6ed-f230380dacbf'),(679,322,2,'24f2bc52-830b-4337-b82e-9b43e86b3688'),(680,322,3,'ecea2617-b102-4324-a22f-482cdcb67687'),(681,322,4,'10553d5b-5ecc-47a2-bbb5-0aaeb63fb114'),(682,322,0,'2c2c22af-f402-4593-9150-13c6a5aa9970'),(683,322,1,'e8b6cbe3-da4a-40fb-946e-567c858a511e'),(684,322,2,'9f9f2438-25c5-4969-b2f0-0847d3928ac9'),(685,322,3,'3159ef14-4b30-4449-9895-3e0328ac1842'),(686,322,4,'2d57c458-80ec-4ded-9d47-01463c0bd63c'),(687,322,0,'69d64570-4bf2-483c-9f10-31502cfd36c0'),(688,322,1,'3c7c401c-3efe-470e-b643-9ad2aab661df'),(689,322,2,'066116dd-5889-4cfa-ab89-b4e737a87f89'),(690,322,3,'dcb5cdd9-c20b-49a0-b621-0639ec0041ec'),(691,322,4,'1cbe8573-be84-4863-b9ca-cfe0702d3eab'),(692,322,0,'8db40585-c2cd-4475-b511-d51306addb52'),(693,322,1,'59f7288e-083c-4bc6-a051-12c5e2552978'),(694,322,2,'852d0e39-fdf8-49a2-b392-91b69cd73c9e'),(695,322,3,'7b928b18-c780-44fe-beef-14d7ea6f85cf'),(696,322,4,'94affa65-4af5-40b3-8e38-1889770a724b'),(697,322,0,'592077ac-fa28-4ff1-8685-51079fa64408'),(698,322,1,'b0db53a3-28e2-4450-a291-7144ac5d6590'),(699,323,0,'fa6f3815-ac27-40ab-9665-548a45308c19'),(700,323,1,'04f98d5b-5e2a-4822-a096-74ea845340d3'),(701,323,2,'5faecf70-9b30-48c6-ae1e-fa3a5a6cead5'),(702,323,3,'f75f5e7a-a7c7-47f2-bbef-3f8d6a8d1f14'),(703,323,4,'b107d619-7922-46b6-a14f-346a28a8b13e'),(704,323,0,'ffae8ae6-1171-4b04-a314-f284c9ae01cd'),(705,323,1,'b659340a-acb2-4ac8-818b-d8bb263a7ec9'),(706,323,2,'1e15e724-9d0e-400f-ab13-00656b4be6bf'),(707,323,3,'0a213181-2948-4b1e-88fc-48ea25901dce'),(708,323,4,'450a4869-b951-4e98-a090-58a3ab7fbb82'),(709,323,0,'93033743-e90b-458b-95b2-cb29829f1170'),(710,323,1,'57594546-9a3f-49c1-bdd5-eabb76c1abe5'),(711,323,2,'b406cd8b-f363-4c22-b65c-8dd2ef2706ad'),(712,323,3,'09fcb2b4-17d1-4a81-b9ab-329cca77bcca'),(713,324,0,'5ec7fd6b-300f-4f77-b461-fb1b5b7cf481'),(714,324,1,'49a0c6c6-d472-4ad1-ae9c-c035854d5d93'),(715,324,2,'552dde2e-4b76-435d-a08c-a78ece69b28b'),(716,324,3,'ad99ea98-b02b-4b86-b2b2-9cd6661d5969'),(717,324,4,'85d2ac5f-5d62-490f-bad1-3e9f655a47db'),(718,324,0,'cf3446a4-85bd-461b-a5c9-5bf1484d2091'),(719,324,1,'145fbc7c-37e2-4d07-a0cd-53642c87a6a1'),(720,324,2,'f156dcf3-d206-47c5-9239-6460d5736441'),(721,324,3,'fd9461da-b218-41f1-9d28-9593bd039ccd'),(722,324,4,'5e39e4dc-4946-45df-b005-25b1eb2bdcb9'),(723,324,0,'587aa65a-dd91-417a-a55d-0249673c1983'),(724,324,1,'3fc65ce9-3c3a-4bdb-931d-4cc453c1db5e'),(725,324,2,'e7e436a0-cd27-4917-b395-90d616718536'),(726,324,3,'28759bae-76ae-499a-ba62-37b6f402879d'),(727,324,4,'5f8375b1-87d4-4bf5-9251-0f5397b059f2'),(728,324,0,'a08def0d-30b3-41a8-af82-5535b5194870'),(729,324,1,'3abf0a30-fdef-4cd1-8de4-8afba052778b'),(730,324,2,'3db71042-9a82-430d-bd7a-443a56386908'),(731,324,3,'05bff3f4-a8a2-4992-9811-6d7360e28a27'),(732,324,4,'4f312684-e2e9-4f89-879b-8a67d69b8d27'),(733,324,0,'7dccae9f-36d9-4260-ba0b-4415cb8f080e'),(734,324,1,'26c503c7-e4da-47f3-8118-9f480064d494'),(735,325,0,'0de3ee9a-4959-4b4a-8775-c1bce70fd735'),(736,325,1,'225a6ccd-f1eb-4eba-8c1d-ae424639c753'),(737,325,2,'f2f76fd3-e16a-4e71-ba30-e8e3a4e8aa02'),(738,325,3,'e768f67a-4729-49ea-befb-6cc85987e905'),(739,325,4,'8344054e-d4d7-4e6f-85f6-d8536aaaca88'),(740,325,0,'33c1032f-3527-473d-a2f4-8e1299c33f42'),(741,325,1,'b00cbd9c-182e-4cc9-a5e8-7ea5d52645cf'),(742,325,2,'e618e1b8-aa95-453d-849d-8a67bf81961b'),(743,325,3,'99daaf7f-bb60-4cac-9e21-16194c001174'),(744,325,4,'3cf4a9a5-43bc-405a-a0b5-e25004a3fcc5'),(745,325,0,'8d35b130-1451-487f-b25d-47be66a4a6fc'),(746,325,1,'ef1ad94c-8025-4fe4-919c-e77087bf3e43'),(747,325,2,'f532d53e-6696-4e6d-889f-a1d307126cb1'),(748,325,3,'e7f26cb6-10a6-4491-be67-e49307667ea2'),(749,325,4,'8e297106-e4be-415e-a148-9d2a38acaab8'),(750,325,0,'15deb4a9-d92f-43ba-948b-3651a6d271c7'),(751,325,1,'861496d9-a972-4890-b509-bda015ec35a2'),(752,325,2,'d27054d2-9a7a-4d47-a828-2bd072de083b'),(753,325,3,'c7559401-cf79-4be3-99d1-3ed3c8b1a427'),(754,325,4,'a0dff0a7-b748-466d-89c1-121553777b2a'),(755,325,0,'02540810-f563-4236-a539-0adada53efad'),(756,325,1,'5704151a-6435-4bd4-b355-3e24989e44da'),(757,326,0,'7653a75e-2aac-42e5-94e3-cb2389c8ae57'),(758,326,1,'554d3636-ed41-48f4-beca-731c86a0861c'),(759,326,2,'dc9b04ba-dc22-4a7f-b4e9-60e148ebc4ec'),(760,326,3,'5930b330-012d-4742-82c6-94944422541a'),(761,326,4,'8c01504f-e1b3-46c1-a62a-3c682cd8e252'),(762,326,0,'7aeb5929-53bb-4cbf-83b7-14b3f0b86177'),(763,326,1,'75b97afd-e9b2-4bc6-9c28-bcc8b7211c10'),(764,326,2,'0598eede-7d83-420b-8eb2-e3e632b1c0a4'),(765,326,3,'64f03955-df6e-4b21-af83-8ce770931806'),(766,326,4,'629d9093-f7a4-4e10-9248-25a90716f3ea'),(767,326,0,'5cdad01a-79ed-448e-921d-1c180f10a45f'),(768,326,1,'dac7881f-93f5-48c4-98a3-7e902d6be931'),(769,326,2,'2bca4b01-80d9-4dae-9521-b4733da84dbd'),(770,326,3,'df3d398a-8cc8-4cab-8584-7c3005bebd28'),(771,326,4,'6368fc07-d6b5-4ea8-b37f-99fb205540e8'),(772,326,0,'51820713-a9e9-4fcb-a549-42c1f7cc841a'),(773,326,1,'f81bc4a3-7af8-4c5d-bc69-8fefd5570e9f'),(774,326,2,'d5871600-3060-4a4a-9ba8-11a74da53283'),(775,326,3,'8bf01f38-cb32-4289-8b94-1d1cf8b48372'),(776,326,4,'aed7e64a-9b03-401e-b016-c73101c8f353'),(777,326,0,'faa91170-55d4-42aa-9a82-797927f97ee7'),(778,326,1,'90d081ed-2e5a-4d73-b644-f17aebd8779f'),(779,327,0,'aa27b56e-a7e6-4383-8b45-f85bffcf8e01'),(780,327,1,'d8bd3944-1049-409d-ab73-d11ad89bf816'),(781,327,2,'cbf3ccdd-6aab-4f58-bb76-fccbf0c1bd86'),(782,327,3,'ea5159c4-254a-46a3-a8b5-35f3f1b3b6a1'),(783,327,4,'fa992185-d34c-4380-9710-51ad48890f51'),(784,327,0,'9e186ba3-42c2-4296-888d-40e83ab0c0dc'),(785,327,1,'45f2ac17-7378-4bc2-b0d6-93d99667767e'),(786,327,2,'e3d9a753-d793-4321-a2ce-742255754615'),(787,327,3,'1701b485-becc-4489-b737-e61a598968b9'),(788,327,4,'a3d2f181-4363-4baa-8aea-41f7e480e89e'),(789,327,0,'4a7f4a1f-0033-4a43-9e2f-01c476cfc850'),(790,327,1,'54d779c7-4f0f-42f9-b350-e9dd99e4ba80'),(791,327,2,'fcecad4e-68e7-48e3-9f18-0d26c6452d93'),(792,327,3,'17951718-50e2-4fb2-8e9c-53fde75003b3'),(793,327,4,'b2c3690b-2cfa-47bf-a61f-d8283f86b73b'),(794,327,0,'cde81409-cf9e-41cf-a280-00b0f5291ec9'),(795,327,1,'891e41e7-9dbf-4b1c-b0ac-f8586d511c15'),(796,327,2,'1475744e-2102-4654-8b69-12a1d9318e7d'),(797,327,3,'33ee12ea-5ee9-49d8-a73e-611f6a9ce5ef'),(798,327,4,'e253f732-68a1-4ad4-bb1e-5c7e607942b7'),(799,327,0,'12173598-03ff-48c4-a5f1-4a9a8dad8c2a'),(800,327,1,'9b111f2c-408e-4827-98fb-82912062a63b'),(801,328,0,'da31b4a4-e993-4515-9175-4caaf3ecb3b8'),(802,328,1,'90200566-f359-4f3e-8ed0-1b73f3815f04'),(803,328,2,'551ae54a-d8c6-4ea2-9930-be88b8feef9c'),(804,328,3,'243908c8-e0fa-44ac-97f2-6e879fbbcc08'),(805,328,4,'56846631-e3b7-4f08-9c53-a2f56dd17a20'),(806,328,0,'094edfa5-cd07-4a2a-b840-014856fab349'),(807,328,1,'ea376de2-a7fe-4b31-bf54-f3e566e6cc08'),(808,328,2,'bd02fb96-ae52-4400-b199-48db1968959d'),(809,328,3,'33d1ebb3-4733-4f47-a3c9-ee15fe2a9d4b'),(810,328,4,'9fe14baa-796f-49bc-b62f-2069e0f6d69e'),(811,328,0,'7c058e75-ecdb-4dde-b98b-c56d5a2e5c45'),(812,328,1,'9f902e9b-36c9-408a-b2c2-15e2d46408d8'),(813,328,2,'94b1ae33-2e40-4164-aba8-ca094b99e62b'),(814,328,3,'8af67635-cdab-4261-96f0-41beefb7b6bc'),(815,328,4,'fc9cdcd1-e199-46ea-8442-a0815fdac7ce'),(816,328,0,'64653eec-bfdf-4721-9762-5c68ffde73af'),(817,328,1,'403bd04f-baa1-476b-bbde-02b59cf0f536'),(818,328,2,'70ac8ac0-ada2-4df4-9fcf-9bcedbd40184'),(819,328,3,'0c01af32-8d36-42b2-a748-3021685b487e'),(820,328,4,'f1f14548-c28d-4699-87d5-2131900a3cc8'),(821,328,0,'59ed29e5-ca11-407f-9499-f60409dba6d7'),(822,328,1,'8d4b175e-515c-405c-a36e-49aaa70e0660'),(823,329,0,'e9d130a9-74d8-47cf-8598-cad1a3c6fec3'),(824,329,1,'99c6ac3c-cba6-4e8c-9f4b-335538b4f7ee'),(825,329,2,'8b18a737-b5fd-4504-aeb3-2b74b01540e0'),(826,329,3,'b5d88d1c-861f-42fc-ba98-24b7fe76e315'),(827,329,4,'c77c530f-8125-4ac8-85a9-e9d40389c920'),(828,329,0,'d074f0f6-d8a4-466e-bdb1-83177687cc0e'),(829,329,1,'1c396bd7-93a2-4f80-8f15-11c65fb79082'),(830,329,2,'3c093df9-bbde-46eb-9011-1da5bbec6235'),(831,329,3,'dbb030e6-0e8b-45e5-8181-4ecaa2fbcaa3'),(832,329,4,'3961dbbe-87cf-4a43-b969-d5dd1dfed37a'),(833,329,0,'2fbe4d33-d5f5-4c9d-acd3-c4773f7b68a7'),(834,329,1,'877fdbd7-f0a0-49df-aebc-9709706b9b02'),(835,329,2,'402849d5-d6cd-43e6-ac0b-cabe2988bd9f'),(836,329,3,'c9c0e61a-9c43-4c6c-851a-9389c62d6bed'),(837,329,4,'4634b718-6925-4be1-9db3-7ce0755951fd'),(838,329,0,'6fab063b-b869-4e2f-857a-0d6b6446f71d'),(839,329,1,'ffe467a2-5a25-4db4-8222-4aa84ef19939'),(840,329,2,'0f39ba3d-beb3-4a3b-9fdd-5e7cca60a30d'),(841,329,3,'a14fc08b-6813-4026-883f-429463b93be9'),(842,329,4,'01998575-b3d4-4ed1-964f-cb64e3fe544b'),(843,329,0,'47a1a303-a4b2-495f-8cd6-3057c7f925ad'),(844,329,1,'8f758a10-779e-497b-a9d3-48d5f7f17e2e'),(845,330,0,'42400b23-e166-43f2-b070-892ef942932a'),(846,330,1,'f60e1c87-cd9e-4067-8f71-20da320236f8'),(847,330,2,'b367826a-33d9-447d-af86-ae02e0b89358'),(848,330,3,'ba185ee1-abcd-478a-8bd4-fcc00ebe8d8a'),(849,330,4,'2f8251d8-fb01-4873-8e0e-24ecc3717148'),(850,330,0,'afb08af0-f4f4-4661-8017-e41d52e61ef0'),(851,330,1,'5470cd9c-4aa2-47fb-bffe-0bdd6d1b70b6'),(852,330,2,'9c567d20-1586-4869-a719-4fc03f9f64a3'),(853,330,3,'15a1b130-ece4-4b89-ab8d-3d56a0ffadb1'),(854,330,4,'cb351024-c3c5-43ca-ad6d-959eb4d68ffa'),(855,330,0,'81fe8d35-2b03-44cb-9d9d-bc7d1f23cb0a'),(856,330,1,'2612e8c1-2635-42f9-aa92-975e304621f0'),(857,330,2,'51e685ab-7888-4b24-8d1d-3fe207baf4f6'),(858,330,3,'620af358-5f70-4361-95f9-3be309e06e07'),(859,330,4,'2829ccab-9df3-40eb-a43d-c1178c936177'),(860,330,0,'f3c1c575-9d72-4ca0-ab6c-9654233cb14f'),(861,330,1,'bceb94f0-2e3a-4e02-8c0a-c090411d03df'),(862,330,2,'21b83d13-3f20-4132-b333-f018528a575d'),(863,330,3,'7cfbbed6-8237-41aa-8acf-efcc7de9832a'),(864,330,4,'7d9893f8-a39e-44fb-b1c0-f969d6e60fac'),(865,330,0,'fb720b14-79c6-4757-b463-27e0bf8fb149'),(866,330,1,'c166d38e-a31f-4551-8a4e-2511caf94c0d'),(867,331,0,'d7ca47f7-942c-406b-9ea6-10c30bb295ad'),(868,331,1,'ebc59418-69a5-49ce-ac89-70432c28c2ca'),(869,331,2,'5d2a0b93-c2ba-42df-8963-77864cbad54d'),(870,331,3,'7444ecf5-5c84-45ca-8131-14b5ad18ef5c'),(871,331,4,'91ed8a1d-dc76-4f91-81cf-bc3d37b22d7a'),(872,331,0,'7ed020ab-1f9c-4b32-b4f7-e06f33c8359f'),(873,331,1,'2435ba00-f201-451d-b9ad-af821a5549cf'),(874,331,2,'6724343e-ec06-4b9d-ba71-ef5ff66e3c3c'),(875,331,3,'925e2313-a1b5-48ca-81c2-d4004bd81c7c'),(876,331,4,'ea2bc07d-3e05-4bcf-bbcf-5c2e1cea04b1'),(877,331,0,'1d2620c7-255a-4f59-a919-2834f83f78cc'),(878,331,1,'110deb21-7d4f-4f74-a0f2-ea9e040e02fa'),(879,331,2,'51cf8da0-d8c1-4fc7-8245-3d3625c2b60b'),(880,331,3,'ecfd2987-bc0c-47a5-99a0-6fce95aebcf3'),(881,331,4,'d1eadd8a-653d-455a-b00d-4c061c0b4e26'),(882,331,0,'96495144-2656-4ed9-bbae-fa5925e6989a'),(883,331,1,'9de5586e-f6ac-43e7-b583-9921bf339a85'),(884,331,2,'8ebef5c4-3070-4338-81f9-bcb98f95f07d'),(885,331,3,'20d97cdc-7fba-43aa-adbb-d249a7db342e'),(886,331,4,'30018ba3-4d02-4c29-9fd2-fc412fc8feae'),(887,331,0,'db9880c4-7527-49c9-b16b-e69b815665a4'),(888,331,1,'4bd81d5e-d397-4223-ae1e-54bbe0969aa3'),(889,332,0,'7f565d3a-e4da-4fb2-879e-a6a6c4266e86'),(890,332,1,'a17d87d4-6716-4b2a-a72a-4cea14884fb6'),(891,332,2,'bb15c145-147f-4f0c-b0a1-8f6d5fe89c4f'),(892,332,3,'cb9e101a-585d-4731-bb0b-948164596532'),(893,332,4,'37c844e8-bf08-4891-8ea4-d9870d4cd5c9'),(894,332,0,'9b3389f6-b3e3-437a-8c3d-35cdd3e39c0d'),(895,332,1,'a7008dd1-0631-40bd-aad9-e840112de8e7'),(896,332,2,'7e12e187-8b4b-4fd2-b1ab-ed2ea18b4773'),(897,332,3,'4a5d1fc0-6262-4b9e-a450-4c17029fe391'),(898,332,4,'81d76284-2040-4228-9bfc-c9f412d149d6'),(899,332,0,'26b96b1d-fe30-43a1-80bf-217654b032cf'),(900,332,1,'54a14a72-e033-4665-904c-3493fe69ecd7'),(901,332,2,'a1ccd746-46a7-4419-8880-0427c5f642b8'),(902,332,3,'b1a53dc2-2593-4c96-a283-3ebbcf83d756'),(903,332,4,'8475db79-4e9e-4a24-bde9-a83afdaf4a30'),(904,332,0,'c9b38fb7-5780-454f-a546-0c787001ced6'),(905,332,1,'739a0ef5-d18c-427b-889b-a8bcd193eaf2'),(906,332,2,'e9a28769-03d3-49f7-ae44-024b14ddea71'),(907,332,3,'c0d2aa53-0cbc-4c36-91e3-34c912cccec4'),(908,332,4,'0f9944b1-5fe9-419c-8862-88b6d6e8c53d'),(909,332,0,'cae980bd-5f33-46ca-a11d-bc1c55e01ac1'),(910,332,1,'b9e263c0-d2bf-4a7c-ba56-6cbe34d13526'),(911,333,0,'49bd49bd-5e63-4b3c-b602-4993f6ac6146'),(912,333,1,'18e08f68-cfc2-496b-9d41-ff74c82b0e48'),(913,333,2,'5cfe9e41-1f47-4594-a8aa-c44a7e2476b4'),(914,333,3,'483fd65a-e38f-422e-a73d-4d8e1e1593cd'),(915,333,4,'f3036352-5deb-4a0f-be2a-276986eff69e'),(916,333,0,'6fc24e8b-b6ed-42e9-8e46-bc80a0475a31'),(917,333,1,'b11ac757-32d7-44bb-89a5-eee16b9d9ef7'),(918,333,2,'df71b3f0-6a10-449c-986b-bd229a70880b'),(919,333,3,'7d665c21-be21-4010-b106-564b3c275974'),(920,333,4,'bafcba79-dc05-4ffb-84a7-860cfc113ff2'),(921,333,0,'cd00e965-423c-4ca5-9dc4-67bf93d12198'),(922,333,1,'5ad99594-eba9-468a-812b-6927641bbd02'),(923,333,2,'9502c632-adfd-46b6-9c47-8a4bc595b9d8'),(924,333,3,'0df5e98e-08de-4f09-914b-0ce739b5d791'),(925,333,4,'439ff120-952a-4445-b596-4336abc72efc'),(926,333,0,'f95053ab-87b9-4a8c-97b4-49dcd24536fc'),(927,333,1,'258d6695-0c30-4367-80dd-d37b6e0d2105'),(928,333,2,'55a1c55c-ccdd-4e7c-bab1-c0c456411958'),(929,333,3,'8416deea-0a48-4ec9-a3d5-9703bc5df959'),(930,333,4,'42b505b6-48da-49ed-8076-c7e79d2a0b03'),(931,333,0,'ab6b2c49-920a-4fe6-91f8-8d4fa764bd76'),(932,333,1,'e38dbbd1-010b-42f3-b227-d44c81403e2d'),(933,334,0,'14851ddb-1774-4e21-9548-9c2c7822a725'),(934,334,1,'52b1eb09-f20b-4483-ba57-36f7c2cff038'),(935,334,2,'595428ed-0adf-4d16-a195-89a8f776ffde'),(936,334,3,'2c90b447-5aac-4be4-8e64-4f42251f2dd2'),(937,334,4,'496557cb-4023-4584-8a7e-9e177998f8bf'),(938,334,0,'90db3922-4066-4add-9713-90df3110c8d5'),(939,334,1,'cb1c5725-8513-43f9-b081-49b75820066d'),(940,334,2,'e42c9e2e-c5a6-4661-9d01-17ebfbfaa7a9'),(941,334,3,'c2715df0-e6ab-495a-8120-92ae9e593413'),(942,334,4,'9d36f723-4d07-41b6-aa9b-bb93e3fe991c'),(943,334,0,'ed054925-08ec-4a0d-ac56-996f48a65f31'),(944,334,1,'2bd8f038-d149-49a4-a790-982336a860af'),(945,334,2,'2168154e-a95f-4e6c-b21a-4f02597af7b8'),(946,334,3,'319619e0-7c79-4989-b4e6-e5c2d7144d19'),(947,334,4,'6f924e3b-e455-44b5-ae3c-01eb774445e9'),(948,334,0,'8a2ac311-31a4-4849-ba90-bde0a3633c66'),(949,334,1,'4845d261-4429-43ba-a840-40cc3607be54'),(950,334,2,'7ff2438e-7cf2-4f0f-9790-43fe89b2255d'),(951,334,3,'d78d68c7-7298-4fc8-a0a7-53d947f01ec1'),(952,334,4,'e651c45f-268d-4728-857c-2d91f7bb4281'),(953,334,0,'b6d90488-b029-4c75-9acc-f2a653c6a9a9'),(954,334,1,'ac030e23-703e-4732-bcba-d55263f81dde'),(955,335,0,'ddcdfbd0-a4f7-4a22-8f71-2bd4fa434dc4'),(956,335,1,'fab6b16c-3341-41a2-9251-72af83665d97'),(957,335,2,'fb4f0624-de84-4802-8c7f-d6a996823796'),(958,335,3,'bd9c1666-266c-4cb6-998d-cddda3d46d7e'),(959,335,4,'55a9d739-58ab-435e-9638-9356aee6cccf'),(960,335,0,'6b88bc3b-eae7-4831-93ac-8f291f1ccd37'),(961,335,1,'207eb7d9-eaaf-4d4c-bdab-757a68880677'),(962,335,2,'3574c3e4-785f-42b1-b547-875f40e9bb79'),(963,335,3,'930cfab1-165d-4a09-9054-07b23b045aa3'),(964,335,4,'a35129ad-2824-4e77-8b57-776f1661ba3f'),(965,335,0,'a374dba4-8cb1-41d4-af26-7d510b9c8936'),(966,335,1,'296537a9-dcaa-4d0d-aab1-14cdc51f9aec'),(967,335,2,'b704e9ba-7987-4b57-b463-4b7f919c78eb'),(968,335,3,'b10d0277-d122-4c8e-bfb1-bb0bdc02d227'),(969,335,4,'c4974427-59fc-4039-a6f0-15c6992fd199'),(970,335,0,'64e82ad1-ddad-476e-9a06-2925403171b6'),(971,335,1,'53981da3-89b6-4cd7-8ff7-fc64c64e44f8'),(972,335,2,'7a2435d1-c7ce-4a14-9a2c-73716a4bec67'),(973,335,3,'25ce21fb-929c-4d38-bcc2-d34bbb60489d'),(974,335,4,'24e696bb-bac0-4d6f-b3e5-1a8fbc47b2d5'),(975,335,0,'9b39c218-eacd-4842-a967-d4bb4129ddb2'),(976,335,1,'b6d42d4c-4d4a-46bf-8a67-ed2a7d676035'),(977,336,0,'4197e6f7-bc38-412e-9788-138aae06bd3a'),(978,336,1,'dafa0d91-1e62-4674-b493-5b41f9dd4d69'),(979,336,2,'43bf939e-5542-4a63-8f53-647ffe8c2bae'),(980,336,3,'315137ad-5a43-40ce-919f-c046cc06bb9e'),(981,336,4,'87ec0a04-5284-4fa1-902a-4364e0b0c21a'),(982,336,0,'9d9915f1-c679-4bd2-9193-7342a58f84d1'),(983,336,1,'57047a06-dee6-42aa-a185-929b9dd5c37b'),(984,336,2,'e62858d5-69d2-4941-9643-d7848a0e0562'),(985,336,3,'06ab70da-1f56-46b4-9546-a126c12b3cbb'),(986,336,4,'321ab4a6-b98c-4c61-b429-4aca5b4ad778'),(987,336,0,'500c05c7-ba0d-4d69-9054-8b9f1ccfe8ac'),(988,336,1,'c5c1f1d8-903c-42a9-a486-d4deecc62458'),(989,336,2,'165976f0-5043-4572-9ad1-6d57f0ad3b1d'),(990,336,3,'9ba05f00-73e6-4407-941c-83eff03cf956'),(991,336,4,'b3df1d74-2c7e-4735-90c8-c7e55c108b07'),(992,336,0,'05874043-a6f6-455c-9e4d-0c2932d2464d'),(993,336,1,'4bd1eae4-5000-43fc-adfb-08a5bd38ab13'),(994,336,2,'52817c3e-6f1d-4432-843f-6b7918e431ba'),(995,336,3,'a46770f6-6cf1-422d-ba34-e17c8f3ad5a3'),(996,336,4,'2827808d-5308-45c3-93fa-49cbc5d73d44'),(997,336,0,'eb182461-966c-4d49-be20-1ed7da1b77c0'),(998,336,1,'7decc8fe-fcb2-4b8f-912b-0e6dc237ec2f'),(999,337,0,'d7aacc9b-a0b0-4281-ad03-30f1515fef7f'),(1000,337,1,'91417c71-2328-4915-9643-ece59fb6ff98'),(1001,337,2,'1041f6e8-e303-44a5-ab09-1029feed8d0e'),(1002,337,3,'800f09d1-71ce-4917-999f-04b073f6217a'),(1003,337,4,'930b3905-957e-425e-bd36-a768d1bd646a'),(1004,337,0,'db3dc6fd-a48e-4b38-8704-1560f0276e68'),(1005,337,1,'25eab1c7-ca4b-44f0-ac9b-9cb05303a9d1'),(1006,337,2,'bc99c31d-51ed-4e55-8ebc-26afc3d13ac7'),(1007,337,3,'a9946d08-70e7-4f76-b4e0-177e26e0a09c'),(1008,337,4,'21c9fcf4-5b0b-4f4a-83a8-51bf45400efb'),(1009,337,0,'66fb7696-7ae4-4890-a858-59acdaa58cc9'),(1010,337,1,'1444f3d4-36bf-4979-a234-c620e9a783df'),(1011,337,2,'dcbef90e-b9fd-4381-b3aa-bfa41acc8760'),(1012,337,3,'ad353564-ff72-4f90-a5fe-f7dd56a04075'),(1013,337,4,'445ba0f5-16cd-43e3-9610-959c45e6ad38'),(1014,337,0,'c7229aa4-4ae5-406c-b94e-7afce15cdd9d'),(1015,337,1,'e2efe427-70d8-4cfa-9766-5f5317689539'),(1016,337,2,'19e55382-b0f8-4ca4-92d1-d62260d82391'),(1017,337,3,'f22321bb-0be0-4832-bdc9-be359f6f7a50'),(1018,337,4,'dc30bea3-13b1-415e-8a5b-25f291938783'),(1019,337,0,'b169fc7a-e4c8-4b04-b4d1-c2ba9ae62999'),(1020,337,1,'b961ba9a-1124-4d2a-9f82-5d42b5766a90'),(1021,338,0,'7292f09d-e478-4f70-ade5-fab4435dd951'),(1022,338,1,'35a7c4b6-a256-47d1-9d75-8e30a37448f0'),(1023,338,2,'b42f5a53-7019-435b-b93f-1c54abe6eb62'),(1024,338,3,'6bb29552-0158-44d9-abdc-62f09a4601d6'),(1025,339,0,'48c8e562-10dc-4f73-8db6-85889904e016'),(1026,339,1,'4b26e37e-a5f9-4538-a8c7-8d940104cbb3'),(1027,339,2,'1aeefd75-73d7-4ce6-962e-644c32d485da'),(1028,339,3,'c8d54002-7122-4f00-83eb-c4af52634089'),(1029,339,4,'c25acc36-09c2-408d-a1df-8274386ecae1'),(1030,339,0,'1e339d9a-b4c4-468c-980d-490aa1840312'),(1031,339,1,'e46777ac-4310-4ff9-943f-c8d65b7cbbff'),(1032,339,2,'e96cb141-00c2-47d7-9b0b-7c7389807a24'),(1033,339,3,'ae3a0b83-c2df-4ecc-9f68-c301b613f92f'),(1034,339,4,'85b64bfa-e370-4392-834e-3c374f7f4594'),(1035,339,0,'b12050a0-458b-4d37-bcfb-581a8cfdd801'),(1036,339,1,'884ea08e-3610-431c-af71-2ac461b5b47b'),(1037,339,2,'3fc9beb5-d2c3-4165-aa93-ef0613ba55f5'),(1038,339,3,'c7c5c73e-07dc-4af9-8e29-f67cf42c55a9'),(1039,339,4,'1bd7ff58-ee1e-4d5f-87a9-8c33ec53d25d'),(1040,339,0,'51d9ede4-6652-4ce5-8167-444f095f5772'),(1041,339,1,'a69816ae-b9cd-49f2-9063-5cbf7db17336'),(1042,339,2,'80077a07-9ea5-41ca-8aea-834ae8859c00'),(1043,339,3,'f085ab1b-927d-470c-b709-fd511fe9c3e7'),(1044,339,4,'086008bb-ed0e-4a35-8073-344c4e938bf2'),(1045,339,0,'bb67c0d1-3803-4422-ba74-5a76d1b71a80'),(1046,339,1,'6b06de07-a64a-4105-82e2-537ad694dab0'),(1047,340,0,'18b965ee-3069-4cba-b13d-d6350d5a59ae'),(1048,340,1,'b8a2924d-ffb2-4cab-8827-14f1e892cf6a'),(1049,340,2,'e975d8eb-c44b-4609-86a6-ad641eea28f9'),(1050,340,3,'d375f082-cac8-4dc7-a910-909ec64fd779'),(1051,340,4,'5144c1f4-834b-48d1-aa7d-535670f3b7c0'),(1052,340,0,'31354b16-a037-49b6-bb48-16fba65acc51'),(1053,340,1,'28cc38c7-6d2a-4f22-92f2-90d332232ecf'),(1054,340,2,'45460bf6-5baf-4f26-ac2e-af62d657eada'),(1055,340,3,'0acc73bd-d74c-4484-890a-3d8e080c54fd'),(1056,340,4,'0f17579a-a84d-4be4-a702-5510436e5128'),(1057,340,0,'337da1ca-a2d1-4750-a049-850f296f409f'),(1058,340,1,'2a6550df-0e3a-4418-9a2b-4d50b2c97c15'),(1059,340,2,'861a781d-9f02-4360-b50d-6e3eb149b8a8'),(1060,340,3,'e29fbf67-c424-423b-b90b-1aa51ccc5912'),(1061,340,4,'ffe58f18-eef0-4bce-aa4f-224a0359fdce'),(1062,340,0,'e4db0147-e906-4123-bb32-5ffd4e8bac18'),(1063,340,1,'4bcf7b87-1a24-4992-b445-4a6cd27fd7e1'),(1064,340,2,'6fc35638-85e3-4ccc-9c81-ee6f26ec7b10'),(1065,340,3,'b378b629-c826-4e55-8073-7aa60a75d1a9'),(1066,340,4,'7bfa5608-15f3-4748-889c-9958a9ad402d'),(1067,340,0,'b106d798-409b-4321-882a-acfe947f578f'),(1068,340,1,'840bbcf2-1fa7-4694-9178-47e44a4328b6'),(1069,341,0,'65042e6a-df15-4d64-8172-072363a795aa'),(1070,341,1,'38ba846e-ca35-4f14-91b0-878775b6b67a'),(1071,341,2,'ca85b92a-7caf-4bd2-b2fd-1de0e15b5d99'),(1072,341,3,'94d61929-aaf2-449d-872e-e9f08fa3da2f'),(1073,341,4,'55edc57f-e152-469a-ae4e-39cd856b757e'),(1074,341,0,'0af0128d-15e4-4186-8905-f86441b5c5da'),(1075,341,1,'42a118a5-e0c0-4d45-ba03-969fbd6052ac'),(1076,341,2,'51ae5ef5-b91f-452e-bb75-82bf88c28dd2'),(1077,341,3,'f8631634-61a7-4926-bd87-db92d5baefab'),(1078,341,4,'c84f75d3-6093-408c-b34f-395522e12764'),(1079,341,0,'993a4aee-b75d-40d8-923c-61c39c35c077'),(1080,341,1,'0c59cbf6-e822-44dc-bf50-424497c42851'),(1081,341,2,'530cb6f0-a0a9-4ba9-bf63-20024eb5a6c0'),(1082,341,3,'d426b341-99d8-474e-bdc5-536bed1106b1'),(1083,341,4,'3018332e-bf97-4445-bf71-adf0171fea7d'),(1084,341,0,'a20d8430-ada1-48dd-836d-31a390ad8f60'),(1085,341,1,'15fb5f50-39dd-4c60-8fae-83c73fa0437f'),(1086,341,2,'a490637a-b53c-49fd-90db-b38322b37096'),(1087,341,3,'135272cf-9264-472b-be1b-dbb8bbda0188'),(1088,341,4,'10f3656f-3b6b-4f2f-b3b0-b0edf7a0f4f6'),(1089,341,0,'36431af7-faaf-40e8-9d8b-aba83ea9e2f8'),(1090,341,1,'cdf426fb-5a70-4863-8c30-17a24058079d'),(1091,342,0,'58cbf8df-1a3c-45d9-a8fa-7c3982d97a62'),(1092,342,1,'2c6ab56c-8a0f-48b9-8b21-0cdaaddd0763'),(1093,342,2,'8355378c-2bd8-4b68-bd07-347f1e3c6455'),(1094,342,3,'afe85fec-c663-4b8d-a040-8e7f050fd66a'),(1095,342,4,'e3b56dba-8b2a-4b9a-8b27-132e89f06392'),(1096,342,0,'d408d9ea-cefa-4688-9b9e-6c7d0fa79afe'),(1097,342,1,'6cc48542-6afb-4ffc-ae6b-d2ff16c445ff'),(1098,342,2,'ba6f36f9-5020-404e-9a97-03d7e687ffcd'),(1099,342,3,'00ba6ff7-adcb-4fc2-bede-2d4739ce5589'),(1100,342,4,'53df5061-f23c-4446-ac6a-79d791876def'),(1101,342,0,'b18d4fc1-80cc-4b60-b35e-416dff7d08f5'),(1102,342,1,'7aac3c97-9766-4257-bc18-f9fb2971b0e7'),(1103,342,2,'914a6220-28b2-4023-a2eb-9629e1793803'),(1104,342,3,'10200457-69b6-4f5c-8e9b-08d0e549a734'),(1105,342,4,'70f1a1a0-ebc1-4549-be0b-55c3e12223af'),(1106,342,0,'f4dcb8d0-2ebc-4ae6-a987-7e041ce03f37'),(1107,342,1,'729e29a3-45d7-443f-8ea3-060d17160318'),(1108,342,2,'e691e386-fc85-4e34-ae91-4ce2a39a0e8c'),(1109,342,3,'b0bddd72-3d21-4460-b163-47e28f70fc0a'),(1110,342,4,'60fca4da-97a8-478c-b468-305cb3e103fb'),(1111,342,0,'14cce4e4-8cb6-42b3-81b3-78f2f28635df'),(1112,342,1,'dda066c0-2e8b-4d35-b615-b11fd63bea54'),(1113,343,0,'5e229be1-19d1-4c5a-813b-260885c9c80b'),(1114,343,1,'cf6575dd-2a6f-4d39-9611-526f60370e03'),(1115,343,2,'657d3b8d-5b5c-4a89-a823-a2a730684f66'),(1116,343,3,'623dad7a-eed3-4d21-b30b-43f1209e19f1'),(1117,343,4,'c4ae534f-3d5d-4724-8b34-3ce5b12607bc'),(1118,343,0,'4a9899c4-2ad0-4c6e-b97b-e17e9e69af1b'),(1119,343,1,'1a4a948e-e1cd-4125-b9ba-1b562fbc2939'),(1120,343,2,'688d278e-387a-4c3c-ad0f-722e8c558598'),(1121,343,3,'4a27999a-79f4-4ccf-a2fb-52b5b0a9499a'),(1122,343,4,'8904bb11-2b8e-4a07-b897-d5fef428d726'),(1123,343,0,'9f52694c-b30a-4ad9-8c88-e658b10e277f'),(1124,343,1,'1f97eabb-d028-4a26-89ae-4bb742110d71'),(1125,343,2,'c463fbd7-a441-4a72-aaad-656b7309d6e8'),(1126,343,3,'57d1aa7c-b13e-4c04-84df-a441810ca293'),(1127,343,4,'431cf5fc-5610-4509-b413-2981334658db'),(1128,343,0,'3388a521-a98b-4fcd-923b-c5bb867b4680'),(1129,343,1,'e2ceac64-3acf-4eb4-8400-caf35a48d891'),(1130,343,2,'d06eef0d-f343-41eb-82cc-fad5fd98b23c'),(1131,343,3,'4144fd5e-fdc6-4a21-af24-10e945e605ba'),(1132,343,4,'50222003-401f-4540-91fb-75148405c0ab'),(1133,343,0,'b0efd0d7-82be-419d-8b22-bf6608446502'),(1134,343,1,'639ccc5a-d989-4245-b09c-9363cd794037'),(1135,344,0,'e9d728b2-984e-43f2-8765-3f28e05373c4'),(1136,344,1,'d44d5675-3a59-4450-8f38-f81a55da8e04'),(1137,344,2,'d968ffea-398f-4b96-9ad8-572b5b9aa026'),(1138,344,3,'29035925-1e60-4880-b732-5e20da03b76f'),(1139,344,4,'c41249f6-6b42-4af5-9b26-0a4122fd8018'),(1140,344,0,'e9e7af6a-7375-4c3f-8e2d-e31f2b3a0fe1'),(1141,344,1,'dc76ab2b-0d49-4fb2-a26e-cc0dc3864a4a'),(1142,344,2,'5330e22b-bd64-42f1-86b9-3910e9a1bab5'),(1143,344,3,'708ef480-70dd-4f60-a1a6-d479e6bda117'),(1144,344,4,'0ece9692-4f1b-4c18-af1c-d8663ac5c5cf'),(1145,344,0,'ce1b9f8e-5507-48a8-9241-58f33b97339f'),(1146,344,1,'8d2abdbc-c74d-470e-9ac1-73956c04c61f'),(1147,344,2,'c87a3ded-c1d6-4e8c-953c-d8ee226b2160'),(1148,344,3,'eefec0a5-a332-4555-b313-70fe0032ccab'),(1149,344,4,'7a0be539-8c04-4217-8537-0510872ce0fb'),(1150,344,0,'80ded17d-b644-4b69-b4d1-981ffa3e1463'),(1151,344,1,'644609cc-f1a4-4020-9869-ee9bcb1b20cc'),(1152,344,2,'0de79ce0-3ab0-4176-a859-a709127e417d'),(1153,344,3,'8bf180a1-7c73-49f8-98a7-0b180b18c360'),(1154,344,4,'a2f2d555-0016-47a4-ab3c-7c34c3c1e2b4'),(1155,344,0,'0d7584e1-5aab-41c4-b7f0-5d1ab41f4440'),(1156,344,1,'92703c31-0aa7-49f4-9db4-dd2636a74e86'),(1157,345,0,'e5eb8ec7-b78d-44fe-b96c-e9de2b987b71'),(1158,345,1,'04263437-f507-4654-87a0-7ebc092a675e'),(1159,345,2,'0980c4c3-1c93-448f-9c3d-43d03149af47'),(1160,345,3,'143b81e4-a5e6-44b7-9025-c81358abf875'),(1161,345,4,'9ec81b96-4136-4049-a618-d3ee6f1af15b'),(1162,345,0,'6365c75f-ec3e-4af7-81ee-5f24094f52b1'),(1163,345,1,'2d82f9e1-1f49-4fb0-bc48-ae81f0f399f7'),(1164,345,2,'c3f973b3-0cfc-4b38-b441-0b20ef6d9736'),(1165,345,3,'681bf8a3-08e4-43cc-b6d1-0791d766b3af'),(1166,345,4,'9dd66edd-3dfe-4f13-961c-b4f4a2ed5780'),(1167,345,0,'fcc450ab-d900-42e7-951b-9fcd5f26c43e'),(1168,345,1,'13676fe1-9dd3-4672-95ef-d800034d4759'),(1169,345,2,'a1cda3cc-0067-4b47-8d2c-70b6465f1f1a'),(1170,345,3,'5624c240-718e-4180-8815-eb09dcb9ccbd'),(1171,345,4,'4ec715cf-80f7-4aaf-9f7f-4cbea35ee658'),(1172,345,0,'0c047d6b-8622-4e86-8667-72ea583ccc20'),(1173,345,1,'7a135403-d38f-49ee-898f-47413c4e24ba'),(1174,345,2,'90ef84c5-9891-45b9-891a-9979b2812f0c'),(1175,345,3,'0e8cedeb-f34a-4e0c-8ab0-1bc59ba32bf9'),(1176,345,4,'68e489fd-fa3a-449d-b987-2c7e636e7643'),(1177,345,0,'b1f67236-2298-48fa-aed7-96db684ed818'),(1178,345,1,'ef2206f0-6f1f-4c06-9222-a52fa2f8b010'),(1179,346,0,'28f4199c-3ac4-4751-b931-5bfc7e9cb1a9'),(1180,346,1,'21babf33-f38a-4739-b0bc-6d37b27b29c0'),(1181,346,2,'9964258b-3413-4d4c-9e5a-029e89557bae'),(1182,346,3,'9d390d35-6ff3-40f0-ae7d-17df09368ce4'),(1183,346,4,'a95c7eab-6da3-4c28-9f38-3613dff3cd9d'),(1184,346,0,'12d7b1d1-b3da-4b58-9b3c-ebce02771f83'),(1185,346,1,'3ef88912-c279-4ff4-929a-7ebee4d3e06c'),(1186,346,2,'0f8861a9-ed0d-4615-9c63-51eef27d181e'),(1187,346,3,'c08f58c0-ac35-4f95-bce0-6c555f0ac621'),(1188,346,4,'a6cd67bb-a867-4231-8c8b-4285a46a6aed'),(1189,346,0,'b8c586a8-c7df-442a-90c2-c675389fbe72'),(1190,346,1,'13c3c7dc-3e1f-4b1c-9a29-f4a46d5cd696'),(1191,346,2,'4c93c263-ceb7-42fc-be03-c2b1390229bb'),(1192,346,3,'8bcc6c59-6d30-45f2-af2b-5c94aae675e1'),(1193,346,4,'c611f9b5-41af-4313-9795-997de4567228'),(1194,346,0,'89905265-cc76-4bd6-a6ce-41fd0003d91f'),(1195,346,1,'48a6d6ee-c165-4403-a784-2950afceaaf6'),(1196,346,2,'792c3465-5d3c-4abf-a0b5-901f2365d270'),(1197,346,3,'0c438b73-0781-4ae6-9ebf-39235b1da904'),(1198,346,4,'c80996ed-25c0-484c-8b36-d95c0546e64c'),(1199,346,0,'272e116f-681b-4ae6-a3cc-9b49725ac54d'),(1200,346,1,'d1c857a7-e8b6-47c2-a54e-343457d36190'),(1201,347,0,'dec9b1e7-ccfd-47ff-947d-40e9edfe0002'),(1202,347,1,'e6581f33-e458-42a4-b711-34143f5004a4'),(1203,347,2,'4e919cae-6a5f-43a0-9985-a2a5590828ce'),(1204,347,3,'6be3f95a-1c56-47be-b65f-9567dfc7a22a'),(1205,347,4,'12e380a3-691e-4018-af94-839c32c48799'),(1206,347,0,'89384513-9a16-4d49-8c17-0ae56f9bb24c'),(1207,347,1,'045bc777-5184-446e-a46f-5ba4d0d23947'),(1208,347,2,'c8995142-5b53-4447-ae10-ba1ae03141e6'),(1209,347,3,'1e46fa23-643f-46c6-8ebf-0e53920ed92e'),(1210,347,4,'6cba184d-cf95-4b14-91a3-c872aa94f9b0'),(1211,347,0,'56a0eb21-dd96-44f1-a12a-0d0f22649714'),(1212,347,1,'c126c848-e180-4f1a-a091-22f059dcb4e2'),(1213,347,2,'be213f48-aa2c-4442-b002-8be899c46c8e'),(1214,347,3,'0532ef9f-6d2d-4e32-85ca-6e52eca3a91c'),(1215,347,4,'c13cd9c2-0a4e-4221-b6a3-3f3b0361e205'),(1216,347,0,'58ae2860-c123-481c-8c20-aecbc85a951a'),(1217,347,1,'3b5fc7a0-1441-4e08-9403-0946741b47f3'),(1218,347,2,'397c9476-8892-4956-a992-67dedd99f296'),(1219,347,3,'9453ded9-8b3a-4af2-9399-82ba342fbce1'),(1220,347,4,'a180e7ea-7008-4fb5-9a0d-82d54c108b2f'),(1221,347,0,'dd00c5fe-2834-4aba-9a66-4be950181277'),(1222,347,1,'4986df54-486d-4c7a-ba02-4ffda7e433e2'),(1223,348,0,'4dbf94ac-bd5a-4162-929e-5b089ce68bd0'),(1224,348,1,'47100e8d-da85-40d5-a623-4f11a7571e61'),(1225,348,2,'da02a1c8-c0ab-4128-951f-2b64c3b15fdc'),(1226,348,3,'08542901-c1a7-4fab-9b39-8deac9aa7c87'),(1227,348,4,'2fbd49d0-eca3-4bae-8e70-09872d577ed4'),(1228,348,0,'d93cc6ff-43f9-4d25-bd93-4b9e01028287'),(1229,348,1,'0ca9826c-e9c2-4ff2-b635-405779f22bf4'),(1230,348,2,'a0739d7d-f5fb-4f40-ba6f-2b3c8c5f4a00'),(1231,348,3,'6c6abedf-e64e-49d7-934f-06cdd16a7528'),(1232,348,4,'ea67de52-52f7-417a-8bb7-4cec2629d50b'),(1233,348,0,'925f5542-fb2b-4184-81cc-64ca9d523852'),(1234,348,1,'134e0f96-854a-407c-8e4a-f6716a1ec5c3'),(1235,348,2,'05b50948-a1fd-456a-a246-f50c4413c3c7'),(1236,348,3,'472dd010-4a1f-4d9b-ab3f-9f457c65f64e'),(1237,348,4,'96929542-6be8-4c38-8b75-e9c48544ca5d'),(1238,348,0,'08db1aaa-2afc-4b74-82de-c8f251f1764c'),(1239,348,1,'b80751ec-379a-457b-8686-4bfced4b6dba'),(1240,348,2,'f18747e2-fd8d-4658-a884-42194254f935'),(1241,348,3,'04a5c036-d352-4d7f-b8b4-cd70882c3684'),(1242,348,4,'17afa243-4dd0-4234-91c7-4c67c12c9050'),(1243,348,0,'f7780f61-7306-4f72-8fa0-2aceb8d82c05'),(1244,348,1,'38aad8be-1a6d-4cd5-9d72-c26986f30e34'),(1245,349,0,'85a45277-c49f-419d-ba86-0105f5af9e9c'),(1246,349,1,'e663dd47-c5c6-4a03-9235-f1a19bb12aa0'),(1247,349,2,'f18d2b13-31a0-4ff5-a6a0-8abba33759c8'),(1248,349,3,'93175dff-c7d7-4ce4-9c3b-4c55751d0fc6'),(1249,349,4,'7e772be4-05a2-4029-8def-5b4d646939c9'),(1250,349,0,'c392a1ed-605a-4bdf-a143-13d194b7885e'),(1251,349,1,'5ab945cc-c2db-434c-8f0e-12acb7307b59'),(1252,349,2,'26432d84-f839-43fe-bfe6-4fc737503b2a'),(1253,349,3,'9d0bd837-1211-4aef-afab-f8d8b5e81bac'),(1254,349,4,'43743d8a-8d90-44b4-ab93-04c59c08d2f9'),(1255,349,0,'9107bc58-6e9d-4a9e-9c5a-44c61a0906ad'),(1256,349,1,'c3383c26-b196-41c3-ae17-41069d91f753'),(1257,349,2,'91527dd1-f83a-4668-af15-e65e605c2e9d'),(1258,349,3,'50f96f9d-e049-493d-adb2-417c17ea6a6a'),(1259,349,4,'e0c003fe-62ca-4e74-b04f-996d0bcedc45'),(1260,349,0,'5db20909-ed5b-42b4-b3e1-d89bb010e67a'),(1261,349,1,'43d80172-5384-4cd3-a5ec-3972efb9c870'),(1262,349,2,'33d6ba1d-655b-4651-a450-4398cef1ad5d'),(1263,349,3,'aeb173e4-7d2f-4c5a-9841-f71f3699c1f3'),(1264,349,4,'8471e986-ff34-4bc8-969f-aed9404d6a00'),(1265,349,0,'417da9f8-fffd-40eb-8ed7-4c5a629a5e88'),(1266,349,1,'809b5674-2c54-4068-a19d-b6a49d8fa6e6'),(1267,350,0,'5d47de00-ce8f-4968-ab10-42f90973a839'),(1268,350,1,'93a76adc-d883-47d2-bf18-fb8c206bbc6f'),(1269,350,2,'c9db3b72-aa17-4389-a922-1d35ce0df23c'),(1270,350,3,'f43acac0-5ae6-4524-884e-ce17020733bf'),(1271,350,4,'290a3aab-7e13-457d-9166-7dcc6f42f7fb'),(1272,350,0,'450e139b-2b0f-4ae2-a6da-46bfb00c6f18'),(1273,350,1,'eef0f451-77d8-44af-be18-ac6c793b178b'),(1274,350,2,'93d08535-beb8-4774-bc79-d0a25646c17a'),(1275,350,3,'37072d08-e925-43a2-ba93-b605dad3b791'),(1276,350,4,'a206e2fb-5a02-4a93-88c5-dd46c470410b'),(1277,350,0,'7f85eaa2-3cf6-4284-88b7-c2bbe5de193a'),(1278,350,1,'e66a71d5-c75f-4bb2-a0d7-7b6b9646b872'),(1279,350,2,'7491519d-8915-4915-a1d0-b7c35460f91d'),(1280,350,3,'701b5655-7b19-4e43-929c-33c477c2ecba'),(1281,350,4,'9c32b2fe-bc7f-40ea-af70-b063a0f2adf1'),(1282,350,0,'283b5dd1-689d-4c3f-bde5-efc15e270950'),(1283,350,1,'ea0db1aa-b76b-416b-a886-eb5063b22462'),(1284,350,2,'d1f7933c-be8a-42a1-a2bf-980dabcde8a4'),(1285,350,3,'b16749a0-714c-47b5-9c8c-5bc72dce82b5'),(1286,350,4,'376e2d70-6e58-4b1d-9b02-62efb86f0cfd'),(1287,350,0,'6958d6af-f533-4309-b5bd-8170128a652e'),(1288,350,1,'fde35d19-86c7-473e-be2c-0da21415e25e'),(1289,351,0,'48fd2aae-5859-4830-b49c-6c9ed3081fa2'),(1290,351,1,'ce0190ec-344b-4d98-84e5-4a448b927365'),(1291,351,2,'c8d26a93-1206-4a3a-af3b-562545d974d5'),(1292,351,3,'4b190bea-cdf2-4432-9ff0-0cba5325815f'),(1293,351,4,'a7f6c6d6-179f-441a-89b7-47bbbef3c758'),(1294,351,0,'94a9003a-59e7-4e43-af6f-23e9a84d7cad'),(1295,351,1,'782766dd-0d16-49a3-9754-a8dfeda7b7ba'),(1296,351,2,'3d2573b8-6d85-4d4e-bce8-95c1ad14cc8f'),(1297,351,3,'8674d9a3-a7c3-4330-9355-8f030d5f1dc4'),(1298,351,4,'1d3e44c4-3652-454f-b518-6a3ebb584b00'),(1299,351,0,'5bafe23d-b2a1-4413-a4f5-6d66c30b814f'),(1300,351,1,'87a1ca0e-fe0c-49ca-8abf-7d46e1c14fbf'),(1301,351,2,'2c87a079-be09-48e2-b19d-0ed8c7cca135'),(1302,351,3,'551cda83-3884-4bfc-a685-f31afc3a3406'),(1303,351,4,'c07fa3db-5850-422b-9630-db4a0182607e'),(1304,351,0,'6a397cfe-29ec-4f19-9c5c-4b461bc0b19d'),(1305,351,1,'4a361412-44b7-4d18-80be-9e3b5eb6f838'),(1306,351,2,'1ff7415c-7179-4e3d-8393-faf2b908a1c3'),(1307,351,3,'42cdf630-b270-405d-8fcf-4fe1b93ca19e'),(1308,351,4,'53b56202-01de-4168-bfbe-2df87ea36692'),(1309,351,0,'736e067c-174b-4a0e-af61-3d893d842c68'),(1310,351,1,'a10a9f38-1452-480d-b6d6-c7cfa173f900'),(1311,352,0,'329a4fe0-7f84-474a-9521-8a33ab927bd9'),(1312,352,1,'8cf6ece5-f0be-4008-ab19-7ac401303dc8'),(1313,352,2,'655cec2e-7a3d-43bc-971b-05bc576f9d84'),(1314,352,3,'255bc0b9-f5e5-4cb0-9f61-342b6ec10168'),(1315,352,4,'c57aa2a1-ca77-400e-87f5-b0e29cabd917'),(1316,352,0,'279f3286-1dfe-463e-b87b-71367f730f0e'),(1317,352,1,'6d8b176c-16a5-40c4-9024-f56ee1fb5c6c'),(1318,352,2,'da756d60-8c96-4c76-805d-cae652b2ac3f'),(1319,352,3,'97d4ef9a-b9ee-4248-bf23-b279c079b342'),(1320,352,4,'dbf38d01-13af-425b-a7bf-ea275752e66c'),(1321,352,0,'07d697bd-50c7-4015-ab22-c0e1a1eed40c'),(1322,352,1,'a86a500a-ef9e-4af9-99a4-12f49d0341d2'),(1323,352,2,'fc9aeafe-2d75-466f-889c-91735a8a376c'),(1324,352,3,'a268e9b3-946d-4dca-8c95-4e014fad8ca3'),(1325,352,4,'f155741a-5b53-43c6-9a00-2362d7adf517'),(1326,352,0,'cc683065-ee90-4b59-9b83-b2984e60cb5c'),(1327,352,1,'d07be389-504b-4203-9568-01a4f5ed4989'),(1328,352,2,'9f722bd8-b776-4792-9abb-9915a335d884'),(1329,352,3,'6cc615b2-9bbc-4ab4-924c-0e95235f9aad'),(1330,352,4,'b4f1e159-6ef3-42da-af54-e5198380d3ad'),(1331,352,0,'b1d036be-4270-4812-806e-636712969026'),(1332,352,1,'92f0153f-16c8-4d04-a1e7-514b07c7e53e'),(1333,353,0,'d4d141bb-d701-4adc-94f6-95ad177fd4e0'),(1334,353,1,'1d6a13b9-76b6-4989-8900-82719b753bc6'),(1335,353,2,'0a8c9db4-2f68-48b4-907b-c735bc4b72ba'),(1336,353,3,'6ccb5204-0a2b-4e8a-8eb6-1529110ba20f'),(1337,353,4,'37894044-4ef5-4252-9323-8725269f6d98'),(1338,353,0,'ef1a0a62-4096-45c7-92da-aed178b47a04'),(1339,353,1,'fb7a8a42-eb17-4710-9ecd-7b418dc27277'),(1340,353,2,'edb8aa6a-bce8-47e9-86d0-59779cc9ab53'),(1341,353,3,'95b8d55f-502d-4dca-ad0e-4ec949a3ada1'),(1342,353,4,'7eff8e98-f0bc-489d-ac06-2e03ee57d0da'),(1343,353,0,'8c23b139-a645-41a0-be29-3497c402d905'),(1344,353,1,'f68a3c6f-0cc6-47cf-a351-0b4dfb3028ce'),(1345,353,2,'b2af8b69-ba59-45ff-ae7f-3cf92d9e8b8d'),(1346,353,3,'a22a324e-17f3-46ea-8143-643e3cd3281b'),(1347,353,4,'66946de5-400b-4927-8f0a-eed38bd4e283'),(1348,353,0,'cc4f0166-b280-4e4b-b957-7586c27395a9'),(1349,353,1,'ca6fa0b3-0068-4f23-b2d9-e0640d41d6d3'),(1350,353,2,'6a716876-9ee0-49b4-b77b-8876574be708'),(1351,353,3,'d28fff1d-edcc-4287-8922-5c0a0d2d267e'),(1352,353,4,'716df291-660b-4abb-abce-3a81764853f2'),(1353,353,0,'b6509204-2e66-423d-9cda-9d4f3b41626a'),(1354,353,1,'58685a06-5364-40e9-b434-4ce942cadeca'),(1355,354,0,'f331b089-7956-44b2-a3b6-3ffb3fbe4c06'),(1356,354,1,'6163c32b-6c70-4a9c-84a0-db5578b236bb'),(1357,354,2,'07da5eb7-9fb1-412f-988e-9a052f146851'),(1358,354,3,'a2f08286-3f5b-423c-a493-6643c869c04d'),(1359,354,4,'1a5b3a63-e821-47c4-89a8-07d09129a1d2'),(1360,354,0,'25a46f98-9e46-44d0-9244-cad5aa199f03'),(1361,354,1,'c5a0eebe-1c1c-42ca-8e32-d099f7be042d'),(1362,354,2,'fbed6a7e-256b-4a92-94b1-52e98f605c36'),(1363,354,3,'f5910999-788c-4fac-bccb-6be62955929f'),(1364,354,4,'4f5f1a7c-ac6b-4e3b-83c1-079694db2446'),(1365,354,0,'c089e270-6685-4853-a3c4-63ee4e570402'),(1366,354,1,'8a43297d-82d7-454b-9fcc-b8246b10e5a1'),(1367,354,2,'9733c6f7-dacc-43eb-b924-6384effb77c6'),(1368,354,3,'8cb6e086-b804-4344-9e91-ebf6a41335f0'),(1369,354,4,'9cf32e74-e8d3-4b6a-9efb-c91eb0220d82'),(1370,354,0,'986f41e6-5e78-4143-a0e6-2ff4c15afeea'),(1371,354,1,'0cb64e46-f85c-4d47-b118-abf40d36cbdf'),(1372,354,2,'cf7329e5-8d85-4878-a0af-02f11754f7dc'),(1373,354,3,'dda2f718-71b1-4f22-91ca-a98d92c75286'),(1374,354,4,'8699998a-9787-439c-92d4-d55318a58bd1'),(1375,354,0,'4d92919d-12fc-4e60-90ad-2c37891b9efe'),(1376,354,1,'596172ab-726d-4bba-af4b-c17391646474'),(1377,355,0,'c1670744-d321-46dc-97c9-0f24fded05cd'),(1378,355,1,'072f9581-ebd4-4fe1-8c6a-ce87d1adc6de'),(1379,355,2,'a2b47570-924b-4c5d-821f-47dbb8ab4dab'),(1380,355,3,'a06e5f15-9c8f-41d1-ba03-df0ab70dd6a0'),(1381,355,4,'2d411cb6-aeae-47b1-a651-08bf5b467151'),(1382,355,0,'17ab6e17-7917-41a1-b041-4c4314c3645f'),(1383,355,1,'415257b8-2c3a-42c4-ab95-cbd9325ade4b'),(1384,355,2,'4f5cfc17-6ff0-4aa4-b565-59f2ebf78830'),(1385,355,3,'94a35444-2c93-4f01-9bac-2667eb729610'),(1386,355,4,'b92f5bd2-bce2-4191-b2c1-77ea7859b681'),(1387,355,0,'fa3acd69-81fc-473f-9713-76ad48f5135a'),(1388,355,1,'1a3a59ea-5519-4e2c-9062-d695bce7c6ce'),(1389,355,2,'484359fa-75c8-4235-ac8c-8a34e0a5b464'),(1390,355,3,'b700d784-8354-41f7-931b-9958a370c92f'),(1391,355,4,'834bbb2b-c4c6-47a4-b887-fc5426cc11e8'),(1392,355,0,'955b403d-77a0-4100-99b7-0d019bbd9980'),(1393,355,1,'d444d63d-0147-4d2a-b8d2-8db77d389c1f'),(1394,355,2,'c47d189d-cb07-4925-bde4-16b3072a1449'),(1395,355,3,'3e120404-4cf4-4d02-8202-b9ec14092c5d'),(1396,355,4,'f9771082-8421-4e20-aec3-203a9b2be449'),(1397,355,0,'0939d58c-d344-410f-bedf-daf0f21fa05a'),(1398,355,1,'0a8d0ab9-c4fe-4835-b48b-2d0eab5f4696'),(1399,356,0,'6a8b7482-5646-4551-91ce-35e76ab580b6'),(1400,356,1,'abf004de-6a17-4db7-a628-63d5b2126a14'),(1401,356,2,'8eaae063-8e00-4ebe-a899-e4b3d321def3'),(1402,356,3,'347ce167-51e2-4d5c-bfda-2acb8fd6181d'),(1403,356,4,'a4f8873a-581f-4b7b-a45a-49e08011f4ae'),(1404,356,0,'03268446-4ef0-49b4-b0a4-abcc15e843d7'),(1405,356,1,'50d4f7f8-07de-496b-90f2-677a97709bad'),(1406,356,2,'ba39611c-02eb-4a33-9e73-335f09ac4bf1'),(1407,356,3,'e9f3249a-75df-49b3-891a-6ce917fd1ac6'),(1408,356,4,'24efd1b4-48a9-4ac7-87e0-b6cb7260db8d'),(1409,356,0,'4c36e388-723e-4cc5-a049-78a567a07d4d'),(1410,356,1,'23ea3b24-a328-4b64-a4d7-296bd4b2b49a'),(1411,356,2,'82fcd129-2d47-4544-9cbb-1f261fef2b3a'),(1412,356,3,'f6dc203a-c2cc-4fff-96f5-ce976d0ba199'),(1413,356,4,'b464b6cd-de75-463e-9fbc-46c01dc7e85f'),(1414,356,0,'b05c9ba4-c18f-465e-a9a2-0ffdf89fe3aa'),(1415,356,1,'d83c3a24-23ac-4ed0-b706-ddb870cdd4c5'),(1416,356,2,'75435e7f-d3a8-428a-9169-58079195ba14'),(1417,356,3,'ec973956-34c2-4250-ad5e-218b769c2907'),(1418,356,4,'722f7743-5531-46f2-8c13-75fce3c0aa2c'),(1419,356,0,'4847247f-b0ce-4e1f-bacc-e84861516fa0'),(1420,356,1,'e9fbc164-6809-4191-b53e-6bcbf564ec15'),(1421,357,0,'913bf3fc-7751-442c-a3a3-d26327559b30'),(1422,357,1,'ff2a1704-6c9e-487f-842f-3d2fdcaba6d0'),(1423,357,2,'28b5faf9-d9b9-4ff0-950b-39a09ee64fc9'),(1424,357,3,'dd119138-4db5-44d6-b71d-bfaea6c7720d'),(1425,357,4,'acb2ac07-4122-44f3-956d-c8c21e29c50e'),(1426,357,0,'a6179d24-96c8-4f21-bd70-8f6316a32516'),(1427,357,1,'84232463-d41a-4124-b99e-c96269ba7df0'),(1428,357,2,'1549e044-726f-4bdf-9ed1-6353ec204d20'),(1429,357,3,'68eff9f6-2f4a-4eba-9085-c637e0ba86c6'),(1430,357,4,'c9d31a14-96b4-4e01-8650-4447ad72b7ad'),(1431,357,0,'7a424f58-ad1f-455b-83a6-e04b4d3cf407'),(1432,357,1,'c96d1122-2827-4efa-84b7-da08fc5ab400'),(1433,357,2,'6360056f-b581-4aab-be3e-ef023c43eb62'),(1434,357,3,'b2236dee-9512-4bae-96bd-71c011ad2f83'),(1435,357,4,'c19a6dd4-ec09-47a7-9692-ac1c6fe19b8c'),(1436,357,0,'5c39954b-4014-4db0-a9ae-f80eb201ceb6'),(1437,357,1,'8ab23c76-79d6-4747-a031-1551d671b46a'),(1438,357,2,'8cbde49e-fcd3-4e90-93b9-98fe0398eec0'),(1439,357,3,'e132462d-bf6f-4c21-a84c-8a9b10a88097'),(1440,357,4,'45c5a8a9-b213-415f-8f1c-a1004718df44'),(1441,357,0,'981b3375-5dce-4fcf-a78d-d615a75a4756'),(1442,357,1,'c24189e2-9aa6-4b78-a6ae-389dc5fa422f'),(1443,358,0,'2079539b-d5ce-4ff5-8573-4e9e7dcccdca'),(1444,358,1,'f5623471-6a63-4288-85e5-304bddae0a27'),(1445,358,2,'a0f59d3d-51df-40dd-a32e-643c748f7564'),(1446,358,3,'5841d092-6bcd-49cd-9bfa-bc468a39adba'),(1447,358,4,'98ef8ea9-98ab-438d-94b3-e69b31127355'),(1448,358,0,'3f146c2a-0f97-4698-bdc7-cc4df3ae1996'),(1449,358,1,'d7b10871-2f5a-41de-ba67-3ab9808c2689'),(1450,358,2,'bfbd4caf-a6b5-4b89-9e90-35b5416551be'),(1451,358,3,'f8b55525-47bf-4380-b7b5-f30a75822ed5'),(1452,358,4,'35228773-82dd-4100-b1a1-d6c9b790d9c5'),(1453,358,0,'50713407-89fe-4250-b668-90a8bb5e58a0'),(1454,358,1,'2ca9ef13-ea6f-4232-975d-b5ed3c763096'),(1455,358,2,'982e3e61-f6f1-42eb-847d-f27ad9fea939'),(1456,358,3,'3fe7016a-bb64-47d4-913d-0c86a9efa5e9'),(1457,358,4,'37477b46-b56a-4ee2-91de-02db8e2d84d1'),(1458,358,0,'d3bfd47b-1070-4e00-88b7-a800ce361cf9'),(1459,358,1,'ddc5c75c-6b17-4ad2-898f-de8468f73a0a'),(1460,358,2,'3f164f8d-90d6-4f5f-bc1a-ff1d8decfddc'),(1461,358,3,'fe499fa4-1914-485f-88b3-5fd49a5dd4ce'),(1462,358,4,'84441d26-1691-4a0a-a90b-cf1ab153049f'),(1463,358,0,'8f6aacce-08e9-486c-950a-60002580e15f'),(1464,358,1,'24396f34-62a8-4988-ad0a-f1f49915ec4d'),(1465,359,0,'cf34e04e-5928-4db6-a371-0cb20af3dfd7'),(1466,359,1,'20896756-4cfc-424f-96ba-512584c0b928'),(1467,359,2,'2c2d7576-e84b-4793-9ac4-31a3435fb1f1'),(1468,359,3,'cc536afb-8d57-494b-9cac-5951fb954825'),(1469,359,4,'dee87429-c9f9-461c-b082-2c14f936cd67'),(1470,359,0,'44e0a9ec-93b3-464d-9813-9143f7fc9cc0'),(1471,359,1,'95914d74-2edd-4b3a-b4fd-cae9332a036b'),(1472,359,2,'e0e307e3-bc84-4b87-af0e-a04b327128c3'),(1473,359,3,'20bfb2c6-19c6-45b3-b46c-6af1c7c7161d'),(1474,359,4,'8caa6e56-539b-4f4d-8eb2-776bf1bf15a3'),(1475,359,0,'04c1dd20-443b-4089-8efe-0754da35ad94'),(1476,359,1,'64bb1e8b-0490-427b-abea-0710a58df9e7'),(1477,359,2,'aa6d4767-fbd3-446e-90f6-8da52054c113'),(1478,359,3,'96c3a755-0a6a-46eb-bca7-28d8526d6d58'),(1479,359,4,'14277a20-d5ca-46cc-94f9-8d70b00a9965'),(1480,359,0,'1cea6cc4-a078-4257-b9f3-83cd2c6ebc97'),(1481,359,1,'9bc00419-684f-4666-925b-dba0982666b7'),(1482,359,2,'b5891ba1-f154-4724-8120-8fbf8e726c04'),(1483,359,3,'32578141-ac0f-4a81-b38b-c377715fc004'),(1484,359,4,'64f07f9d-4c98-4d7a-a5e1-38ebf564beda'),(1485,359,0,'7297bd0c-8ef9-4a04-90f5-e6bae9f122c3'),(1486,359,1,'6fa26a84-eab2-4cba-843d-bd4d0ddc6828'),(1487,360,0,'7f5a7cdc-9901-4fec-b3af-8da98f529aa4'),(1488,360,1,'cea25070-d457-4317-80c1-880e2ec10b59'),(1489,360,2,'7a71e208-7cb0-44d9-8729-59e9bf991eaf'),(1490,360,3,'111a885e-4dd7-4135-90ff-e2703895d9e0'),(1491,360,4,'787cb640-b49b-4634-bd8a-413be91c38f8'),(1492,360,0,'5dfbacf2-e8bb-4c00-8e02-809b3c5d49b1'),(1493,360,1,'ca6fe4db-a724-4aba-83af-7451998f90ae'),(1494,360,2,'42c144cb-8d2e-42df-b6c4-5b752375580a'),(1495,360,3,'f7a67990-a49a-4b82-b9bf-456481ba12d3'),(1496,360,4,'d5c11ff0-7136-4a53-8fc1-c9922f849c6a'),(1497,360,0,'f764de02-d462-4ed5-a583-16b760ef2732'),(1498,360,1,'93df3869-ffbe-406a-a88f-6c60b1417c19'),(1499,360,2,'2cba1ef2-2e7e-4979-8630-73335bee1c0e'),(1500,360,3,'894fe5dc-6615-42af-b885-3a48a381cf9b'),(1501,360,4,'6f47ca9e-8181-469d-93a4-e86c03b1fd6d'),(1502,360,0,'905fe75a-f581-4a79-a650-4777feab20a5'),(1503,360,1,'6297a962-1aea-4ef9-8d03-0475abb3c0b7'),(1504,360,2,'1015673e-9990-458c-8c12-f290ffe28c30'),(1505,360,3,'4db992f6-2520-4e8f-a859-2f5d4d1dfff8'),(1506,360,4,'d9a88515-77fa-406e-8fdb-9eceda37faa9'),(1507,360,0,'1860bf18-b33a-4791-81b6-75c7b4090db6'),(1508,360,1,'68347066-672e-45d3-ae3f-f72c62db0aaa'),(1509,361,0,'0f874726-bb8c-42d8-b1bb-768c3102195e'),(1510,361,1,'5b555bab-e9e2-49ed-9c5f-5125a6932014'),(1511,361,2,'df0def5c-3b8a-4320-a988-9df2f769f940'),(1512,361,3,'58c9f597-873a-4a45-8c62-acc5c27b0a68'),(1513,361,4,'1e9eac1f-1aee-4f47-a297-766dba23da8e'),(1514,361,0,'133226bd-a696-4884-adac-9622397fd8cc'),(1515,361,1,'19baed13-46c8-46de-a2a0-408692865cc4'),(1516,361,2,'515ebe11-759a-4315-a2cb-b3e23e3b2489'),(1517,361,3,'1e1a41a4-ffee-4bfe-b8f5-63b8aae43682'),(1518,361,4,'a022dae6-3a59-41fa-94bd-e378660ee8f7'),(1519,361,0,'6186544d-fcbd-4017-a29f-2e8341d88177'),(1520,361,1,'6b07c4e8-136e-4d51-ae68-06bb157511dd'),(1521,361,2,'d5ae2ca7-8cd4-49ce-b053-769ca3d226ea'),(1522,361,3,'d8f02945-6a33-4a54-a76b-deecf36f3767'),(1523,361,4,'bec0f8ad-41f8-43b1-8418-e32cc4787ffd'),(1524,361,0,'d223c27f-b8af-42b3-81f7-3f4e397a9fdb'),(1525,361,1,'0a457980-05b2-48d1-9b6f-915f2d22dd4c'),(1526,361,2,'484b24ea-d1ed-461c-b70b-fac21d950ce9'),(1527,361,3,'b6455710-f6d1-4451-b5ed-b5c65fc60560'),(1528,361,4,'f0a6b530-21db-49ec-a902-c79fa4d00ef5'),(1529,361,0,'ab4dfb69-6c3f-4132-80a8-a93fafbd34c6'),(1530,361,1,'4a313491-75da-4332-8b4d-c8f1ab707d50'),(1531,362,0,'efed2360-46fe-43c8-a6c7-a91af2145af1'),(1532,362,1,'9a38315d-2c9c-4422-b9e5-48a20b8db804'),(1533,362,2,'f66c2845-1d40-4a19-83b7-bd03a7078abd'),(1534,362,3,'900eb884-e6c8-4883-8816-aaa7919303a5'),(1535,362,4,'6fe6eeea-feb8-46e4-9bd0-3901fee5b52f'),(1536,362,0,'cd13996b-532c-4476-ad89-0621ff6d12c1'),(1537,362,1,'9e5bf62e-bfcf-463f-bf6c-f8cb3cc7981b'),(1538,362,2,'c2c25c69-aad8-4cb5-ae11-091f107bd62a'),(1539,362,3,'c922885c-2ce5-4c60-a3e4-79d5412161c6'),(1540,362,4,'27a2b04c-9142-41f1-bc31-de2ee1873bee'),(1541,362,0,'ff8a462f-7c08-43cc-985b-87b1b53339ab'),(1542,362,1,'af3f1ea0-5865-4f6c-beae-b2352ced7b0c'),(1543,362,2,'24a2d92e-39c9-44e6-a2f4-e0578717cc3a'),(1544,362,3,'25af6b07-9942-4765-b89f-5436271e5262'),(1545,362,4,'f5e4331e-df18-4356-bd7e-03aff518ce26'),(1546,362,0,'6b7685c4-4c25-44cb-8c98-a2dd5ffd6cca'),(1547,362,1,'03561d7a-f922-476b-88a5-1d23c211172a'),(1548,362,2,'0ed7a187-9ff5-4d6d-ac78-e524cbda1db8'),(1549,362,3,'34cd41cd-0471-4895-88ff-caf0285ab2ba'),(1550,362,4,'4290580c-9ca0-4274-82eb-c50152252bb3'),(1551,362,0,'5ed9f4c0-b88f-4e9e-a375-02f9725a87d5'),(1552,362,1,'b7b2f2f4-56fe-4376-beed-7b04b1d1aebc'),(1553,363,0,'e59b908a-74d6-4ce5-8842-ec9743f2ff83'),(1554,363,1,'dc5f97f1-05ea-4b04-8afb-0c1d45da0b8f'),(1555,363,2,'73b91724-551f-4e8a-b2ab-b93f1533fb32'),(1556,363,3,'bc0bede4-3264-4ee6-8a44-f448d16a819b'),(1557,363,4,'4d44056f-2108-4b28-a22c-a11d3efc13c2'),(1558,363,0,'505bf815-22b5-4913-98fe-d7123e12d7a1'),(1559,363,1,'00d2481e-849c-4dae-98e2-deff776b17f9'),(1560,363,2,'fde6b20d-5ee8-429d-b492-3337e9bd8c57'),(1561,363,3,'e1be5eac-ab3d-4185-9801-74d5a48b6f6d'),(1562,363,4,'f8ff1de0-3185-48c8-8cad-99e3532ef511'),(1563,363,0,'440216b9-12c9-4937-9ca6-b095b7d9dd5c'),(1564,363,1,'e5f75be2-5583-48c5-b3a0-5472c2a7c723'),(1565,363,2,'ac753354-f469-41be-b574-22c4e9241ab3'),(1566,363,3,'f7c3d031-8d14-47c0-b1eb-40242315aa6f'),(1567,363,4,'16771964-65a7-4b8d-acd8-6744b826985b'),(1568,363,0,'91d1f2d3-0b33-4a5c-a4b4-65179f7a03c3'),(1569,363,1,'ddcc22e4-89d1-4694-8dc2-1261cc870a45'),(1570,363,2,'c011c260-a5ea-4a38-bf05-fecbbcb6d242'),(1571,363,3,'7c2b4dbe-07e5-467f-9e6f-058d60102726'),(1572,363,4,'2592c91f-405b-4707-a9c9-e0bf4b7aaeef'),(1573,363,0,'f821a14a-438a-47d8-bb57-442e4e113ab2'),(1574,363,1,'cf0564e2-8bf4-4a33-b87f-fca9bc95959d'),(1575,364,0,'be65658c-2071-44aa-8f0c-fdd497bfafbc'),(1576,364,1,'f26d0017-22c5-446d-9a71-6113e3fb46d2'),(1577,364,2,'2fbc636a-32cf-40c4-b141-3bcd02e9a910'),(1578,364,3,'36903782-1a25-429f-bd6e-2445ce34441d'),(1579,364,4,'f7c19716-b207-420a-89c2-e55199722ccd'),(1580,364,0,'2d9488f1-7e54-4cb1-8c08-a688e978179c'),(1581,364,1,'865538a8-6952-438c-bc20-e1b38c4927f7'),(1582,364,2,'6bf1fe9f-8c50-435d-93e9-85e8636c549f'),(1583,364,3,'77d9fc6a-70b0-46df-94b5-50bd6ca129be'),(1584,364,4,'3da76cdf-d445-4215-8b38-ada7b8b4f9d8'),(1585,364,0,'79c2b51a-1d98-4962-9df9-a824cadaa0ba'),(1586,364,1,'02caa4a5-a60d-4781-91d1-8d4aa18caa34'),(1587,364,2,'df7c709f-177d-4d88-88c2-1e06e898ea5c'),(1588,364,3,'533234fd-586f-4f70-8ed5-e6461bb947c8'),(1589,364,4,'2466c4e2-3aa3-4108-9c20-d61e4d88c778'),(1590,364,0,'d6bf3300-4434-4fe7-84e5-0f3833d872dd'),(1591,364,1,'9c786f6e-ccb9-4839-a8ac-c988a24d2dbf'),(1592,364,2,'8e0543c2-027b-401e-bec7-a8b3d21de77b'),(1593,364,3,'2ec81dcc-fee8-457c-8790-dc5afe83d404'),(1594,364,4,'2311b069-f386-4f16-bb9c-e2e482271b83'),(1595,364,0,'ceb79b7d-88c7-4610-adb7-f0c6c3d263ae'),(1596,364,1,'52f2fdea-bb9d-4770-8b4e-2070d7b762d8'),(1597,365,0,'f05e45f9-e01e-4f1d-ae27-92df4fa9379d'),(1598,365,1,'7f28a574-d707-476a-adb7-981d05eec8b5'),(1599,365,2,'506f1edb-1b8c-490f-83c5-eeccd6ce9d7b'),(1600,365,3,'eed7508f-b516-4d99-b401-2a28ddaa6681'),(1601,365,4,'6044c064-6e58-4cd3-9901-c31bf89fe651'),(1602,365,0,'a7606b70-7546-477a-a205-3289193c9df1'),(1603,365,1,'ed3ddf54-f85d-4f7d-9aa2-307d4187d744'),(1604,365,2,'28697241-840b-4ba4-b1c8-1615c5817ec1'),(1605,365,3,'a7d4d336-ac73-4504-b1dc-a29746badaae'),(1606,365,4,'864b646c-4f60-4947-8f67-d2e0497a085a'),(1607,365,0,'201cf23f-3f1b-4a84-990f-9f80138a469a'),(1608,365,1,'1fa0522d-b30c-48c0-821e-7cf4632a6fa2'),(1609,365,2,'88d5e1ff-3ccc-4c38-a143-10203114a1e9'),(1610,365,3,'40e857c1-764e-4c2e-ba5d-9c154dde8863'),(1611,365,4,'458dc708-1af7-4aae-b696-65f795972d64'),(1612,365,0,'1c7a4d34-2ea5-48af-ac37-52d62b32daa7'),(1613,365,1,'98630b59-d94a-45f4-9327-e8dc5ca83904'),(1614,365,2,'9766ea36-f899-486e-9cf4-d65c1843de58'),(1615,365,3,'501aace7-e683-43b2-8c7f-8c174f6dff90'),(1616,365,4,'bb1b9f1c-8b6e-495b-b9d2-583dc7ba7549'),(1617,365,0,'23bf51be-fc18-4253-89f1-721ad51e38e9'),(1618,365,1,'7d69e6c1-3848-4ca6-ac78-a74987f27c5c'),(1619,366,0,'e5429310-bc5f-4e53-95ce-0437dd5367d1'),(1620,366,1,'468f1a44-005e-4990-8f1c-39bc49d16eda'),(1621,366,2,'c0006281-e1f8-4d84-9a49-24ab61f9c791'),(1622,366,3,'0612bbda-ca00-423c-949a-87da9cbf95ae'),(1623,366,4,'acfaa69c-6fc0-4f9c-8a02-43e499352e2e'),(1624,366,0,'b6c8453b-4da8-400d-9e8f-5ae48d092291'),(1625,366,1,'738c522f-0977-4a3c-92f0-0185b0e8ff08'),(1626,366,2,'dad907eb-41ef-4832-b491-190799863e55'),(1627,366,3,'5fd9c5ee-c4ee-4618-8e29-a305b5515727'),(1628,366,4,'c4b3da5c-40fe-4339-93d7-d6ecd18bf6c7'),(1629,366,0,'3d321f3a-1d03-482c-aeed-90586903049e'),(1630,366,1,'8f0fc029-468a-4b4c-bf8b-5c97a8a5e8ee'),(1631,366,2,'71f6c713-e48a-4aa2-a2ce-2ec64fe4b9cd'),(1632,366,3,'85fa523f-0d68-41c6-8a06-732ed26e38a6'),(1633,366,4,'ed4b968c-5343-4740-ad4c-0c4cd434ce7b'),(1634,366,0,'4823c788-870a-447a-b1d4-dd0864c77426'),(1635,366,1,'9563d3a3-7b1c-4c83-9c54-8c5c62576f67'),(1636,366,2,'15f20123-b033-46f4-a25d-5c62e575a7fa'),(1637,366,3,'cb74dad5-4fcc-450e-9449-64a9cb63fb0a'),(1638,366,4,'be74e5be-78cc-434e-b0d0-519aeafef910'),(1639,366,0,'33b4d05d-8176-4157-a7c7-c41ea25df0a4'),(1640,366,1,'eb9282d0-c592-401d-96f9-2be1df78a5f4'),(1641,367,0,'3a31d1a3-79bc-424a-a48f-c74701a049fa'),(1642,367,1,'ad63d340-7655-4d67-a1a3-1034b0aa8887'),(1643,367,2,'e1e41eae-a5e8-4c1a-b5c9-cacd69492fc5'),(1644,367,3,'16ffaa10-6388-4bef-9697-a3ab91418319'),(1645,367,4,'5ad2a362-c3c3-4a0c-8806-38fe8df24546'),(1646,367,0,'3f51132a-733f-401f-97a4-0dbbf55b261e'),(1647,367,1,'f986460a-6d1e-4a78-992a-b2cc6d1b02ee'),(1648,367,2,'6d1e54f6-c893-4fa1-97cb-29a095356393'),(1649,367,3,'d33b1d3a-2d7d-4e74-9a31-10dfc9c64e95'),(1650,367,4,'39194ed0-4c4c-4f3d-9fcd-6519937418d1'),(1651,367,0,'34a31ba4-1c4c-44ff-b693-374ea912f601'),(1652,367,1,'4c3d1af8-04a7-44ab-b266-967a7a6e219a'),(1653,367,2,'32f7d8ee-d2de-4dd3-a101-b4b0b5bff4fb'),(1654,367,3,'d2b8adf8-52aa-451a-8d4a-9beabbdac9f6'),(1655,367,4,'3f27807f-b45f-4209-9826-9d4db21f02f8'),(1656,367,0,'ec63108f-e723-445e-ae92-5646861d1c7b'),(1657,367,1,'3efa1fff-e68a-48be-a5b9-309a23df25e1'),(1658,367,2,'48e2c5c1-cda8-41f0-81c7-269d190ffe22'),(1659,367,3,'8c9dd557-7bf3-4cbe-90ae-abd988322b9b'),(1660,367,4,'dd5c4a8c-7f07-407d-ac5f-bb98ae311563'),(1661,367,0,'32d995c2-435a-4200-8183-11bd538db70e'),(1662,367,1,'f554f862-28ad-43ab-ad93-4761510e11ac'),(1663,368,0,'89e2626b-b91a-4b06-b25b-9def4e6cfb80'),(1664,368,1,'26f17829-d0f7-41b0-9f3f-99f7e7f4e519'),(1665,368,2,'109a8c1a-b2d9-4f6b-8c95-5a48f0b9f0cc'),(1666,368,3,'6974b208-af1c-4982-b9d7-b7b3fc9098ac'),(1667,368,4,'6e5f214c-520e-48cc-9f25-20c734fde964'),(1668,368,0,'9dbff1d8-2842-4168-a3f5-26417a95ab2d'),(1669,368,1,'d8198200-5707-4e35-9fee-aafb170b43b5'),(1670,368,2,'4509fd22-3473-4717-96f3-180479acf7de'),(1671,368,3,'004f1a40-33d5-4251-b378-4fd64bd3a2bd'),(1672,368,4,'556d63ea-bccc-4903-9d5b-5dca26db64c6'),(1673,368,0,'ee564eae-3aab-434f-8b8f-2a70493eabef'),(1674,368,1,'99bcce0e-1971-444d-a838-6c8e0268d9f8'),(1675,368,2,'594cb03d-6811-4abf-82e3-d53a4163be9a'),(1676,368,3,'3a2cc0f7-850d-4dcc-a28f-9da9cb6e3a7d'),(1677,368,4,'2b81efd4-ff01-44a4-b389-7a31888b3d4a'),(1678,368,0,'4f6135cb-76c1-4e0c-9fd6-d973e23788b6'),(1679,368,1,'10514386-017a-4b77-93ec-b195da0bc4f3'),(1680,368,2,'1775699f-972d-4c28-a5ef-d30febdbe555'),(1681,368,3,'c2829c47-a2f0-4c70-8fbe-937b38c9092a'),(1682,368,4,'7a432885-609b-405d-b769-5660007bbfa0'),(1683,368,0,'faeed640-e9b5-44ec-a350-3c55f26da22a'),(1684,368,1,'eb2ed63e-3ea4-41d5-b401-f6c91ad75f74'),(1685,369,0,'50834c64-087b-4aab-9837-8b95dac6d7b5'),(1686,369,1,'a3f25c5d-22eb-444d-bb13-a98b2dd83e19'),(1687,369,2,'6d2e8575-c752-48ae-a679-4b6dd5a99c62'),(1688,369,3,'32079b3d-6f9a-46b0-ae42-91d6be072507'),(1689,369,4,'f1faf088-1d21-4036-aad4-6db6ef5cf3da'),(1690,369,0,'2a190a24-adb7-47ab-b1ff-53e395b181f5'),(1691,369,1,'3c874b23-5ca5-4385-bb0a-3af70d7a1a9c'),(1692,369,2,'b41817fc-3c25-4758-b898-9c81d234ad9d'),(1693,369,3,'07ed898a-aaa5-44b4-a789-53dde48aace9'),(1694,369,4,'69ebb2f7-8ebc-4c49-82ff-e8e2f66555d8'),(1695,369,0,'cc2d9ae2-d965-416a-b2b3-f60439c7789c'),(1696,369,1,'864b95d0-4b58-475e-9ee7-2c5c3756b973'),(1697,369,2,'fd0e4852-cc41-47fc-93d7-72f5bf695d0a'),(1698,369,3,'bc191772-048f-408c-bd61-533bcdf70d32'),(1699,369,4,'71915b8b-557c-49ad-ad4c-a88eebeeb0fa'),(1700,369,0,'e6a6faad-836c-4169-a1ac-1fe1c83f1943'),(1701,369,1,'de110bcf-711c-41cd-9647-fa3e40b44ebf'),(1702,369,2,'14fa0bdf-1a8a-458d-9f1a-eb9ef47ed383'),(1703,369,3,'a73021a2-9a4c-4020-b728-29e969f707f1'),(1704,369,4,'88b40674-4d24-4f02-b7c8-65d083effa69'),(1705,369,0,'1654365f-53ed-4959-bd65-adf04b585d61'),(1706,369,1,'84264949-d1f1-4a3b-9a92-f042942982b8'),(1707,370,0,'cb5efd54-a97d-403a-b4a3-f48e4fc6a041'),(1708,370,1,'6ca8b472-5461-4b46-8c3c-ed6e2846d811'),(1709,370,2,'f575e448-dc14-4c1d-9a4b-fab354815943'),(1710,370,3,'d9aa2453-10fe-4957-88ee-37c0e7634cc1'),(1711,370,4,'d559c644-4e49-448b-903e-4f31995fbd6b'),(1712,370,0,'17a99d3a-b3e1-4f21-9614-8e6bd1918720'),(1713,370,1,'4e0069e2-5afc-4fab-a84e-8c99ac6dc0f7'),(1714,370,2,'add879e6-431a-4354-80ad-692366cc9256'),(1715,370,3,'71860355-4b5c-49ff-b514-813d5d53ce20'),(1716,370,4,'af7156cf-8457-46ff-8a07-2cb2858b7d07'),(1717,370,0,'3c1143f9-7422-4bf6-b245-ee5fb021ff4e'),(1718,370,1,'3e98ed03-7bf3-49e6-8602-0b35a746cd52'),(1719,370,2,'4444cf8f-012b-4000-abec-f5101b06291b'),(1720,370,3,'c8307e5b-fd8b-4557-a746-4122426d5d74'),(1721,370,4,'ab25f89d-91b2-44d2-96b4-0129b99761c5'),(1722,370,0,'032874de-4d78-43e0-85b1-acdb7dfb03a7'),(1723,370,1,'4e3b61cc-70c9-4af5-a2fd-263fa7376009'),(1724,370,2,'a4d7c525-f187-4f7a-b8f1-db05206d0fa0'),(1725,370,3,'d7a08591-aad3-498f-8798-a7d5daf0bcca'),(1726,370,4,'3b333c70-286c-4dae-912a-0660646fe72b'),(1727,370,0,'2c21f264-c133-44ef-bbfa-c7a76603c656'),(1728,370,1,'e144b84a-ab51-485c-be18-e870238bad6c'),(1729,371,0,'bc2829a1-dd1d-4b4f-80aa-0940fff510a5'),(1730,371,1,'ed86e3c4-003d-4091-851d-f81350430ae9'),(1731,371,2,'2bb8dbcb-3965-4553-9d32-b838361204fb'),(1732,371,3,'cb4755c6-3563-45a4-9d8f-d5cf9a6062b0'),(1733,371,4,'9c722c48-0b24-4500-b5d4-88dcb7b550b0'),(1734,371,0,'d522c158-73fe-4fca-a4b6-c95e04121a05'),(1735,371,1,'80301bd2-731b-41fc-bbb9-63d8fb3abce0'),(1736,371,2,'73b576e0-398b-4c55-abdb-978526660188'),(1737,371,3,'8a0810fd-e0eb-45da-bd37-1627a92fc3e8'),(1738,371,4,'7fc9283d-b591-4be1-b2c0-5c11f347402d'),(1739,371,0,'de3d8e59-1450-47fe-93d0-1679edafa44b'),(1740,371,1,'a3531ac8-ae98-4674-975a-b82c8a36269e'),(1741,371,2,'0ce17e86-835e-43d9-a1c0-edfaa5677b5c'),(1742,371,3,'d7dee9a2-60a3-4e03-b73e-53070d4f1eb8'),(1743,371,4,'9646a0c2-4a49-4393-8688-aef2b9542b52'),(1744,371,0,'ee533d26-26d1-4c09-bacf-ab719bfe107f'),(1745,371,1,'0a295e0c-0da0-4425-ac01-bf3cb5fc0409'),(1746,371,2,'d78f2bea-a980-4841-81cb-615ea81e265c'),(1747,371,3,'c0ba7a63-722f-46f5-a87b-1ca4dba7f3ba'),(1748,371,4,'37e7ce25-f386-42f5-899e-a97743e5cc4e'),(1749,371,0,'e2bec01d-94fa-498b-b07a-93c32ea0d3ec'),(1750,371,1,'7e2bd588-793a-484b-b3c9-0c109265fd97'),(1751,372,0,'fda70c8e-7786-4063-870c-62412afc9c0d'),(1752,372,1,'063d69a0-b22c-4a2b-a7c3-e7c9405af235'),(1753,372,2,'226e23f7-1f48-4095-ab89-209377dae7d8'),(1754,372,3,'9a7a4422-e134-4ec6-80ce-148bae109c47'),(1755,372,4,'d2673dd7-bc08-4d6b-a85f-6f6b72899427'),(1756,372,0,'eec8c4b5-cb8e-4733-8564-c0298c171c4f'),(1757,372,1,'5a26c170-abbe-4f18-97fc-927e39a429a9'),(1758,372,2,'8c77906a-80b1-4637-aaab-83baa2b4e8c4'),(1759,372,3,'ac36ee90-a356-404b-b83b-4c324eb5d065'),(1760,372,4,'962290b0-1cab-4be3-bd9c-ff5fa1568803'),(1761,372,0,'778cbfa0-9792-4abf-9b3d-bbbd81746839'),(1762,372,1,'75490b12-ae6d-44c6-a1a9-061a7a67493f'),(1763,372,2,'f1c3dfa6-6008-4c5a-b35e-575a74a370a9'),(1764,372,3,'13546f58-187e-4714-a262-d88c2dc7c26d'),(1765,372,4,'8e2c63d7-26af-4666-b30d-a308d44f051f'),(1766,372,0,'176287ff-ad92-447c-82c2-9c3f005bd508'),(1767,372,1,'ea9adbc3-d860-4df1-994f-6a2f92895fc0'),(1768,372,2,'bcba2c3c-9b20-4e42-8b91-a561dd0bd3b3'),(1769,372,3,'6234c1ca-dd3a-4bc4-81b6-6bda22cb5146'),(1770,372,4,'719b85be-362d-4a82-8e9d-6fcf86d12a62'),(1771,372,0,'eb25ac43-c9a8-4fdc-9eac-e4ee970c6486'),(1772,372,1,'1efab71b-edae-4627-92c6-6c1566a2cc73'),(1773,373,0,'e467311d-a5a0-4b36-aa71-0b1eae0fcf15'),(1774,373,1,'2e9b20b8-7f48-425f-9894-4323ef9776c3'),(1775,373,2,'44b98f61-5c13-4c24-a623-35bab7fe901f'),(1776,373,3,'391252af-8566-43ba-9cd1-581f7c7eafc6'),(1777,373,4,'15557f0b-a9c5-4e31-a7b2-933e3d76610e'),(1778,373,0,'d76b6bab-ce3e-435a-afd0-5befe6d3392c'),(1779,373,1,'3b68fc33-ea0c-45cd-9142-aeabfed386b8'),(1780,373,2,'864639c1-762a-4740-a3f1-da44f5324dda'),(1781,373,3,'141d4400-ab46-482e-8471-aed94af411f9'),(1782,373,4,'7c5cd899-17be-4eb1-929a-da875af0a415'),(1783,373,0,'b37dc518-e7d0-443a-97a4-a379f23608d9'),(1784,373,1,'d2e61bde-b652-431c-9c49-9c5effecaf54'),(1785,373,2,'e213032c-bb96-447b-8365-f5818ed21440'),(1786,373,3,'360dc14c-54ea-4796-9f65-19279394be29'),(1787,373,4,'8563fcd3-c8e4-4aa9-b7b6-fdfaf04cd1b0'),(1788,373,0,'05399c96-a5da-4239-832b-c0ffa27be85a'),(1789,373,1,'e9427a13-b716-4148-80ab-08cae3c6dc1b'),(1790,373,2,'445af471-87b3-4ef6-9ccc-cd12edc47e5a'),(1791,373,3,'d88c7e94-820b-4b1c-b06c-05cd8cdf5f04'),(1792,373,4,'ded97d06-c2d3-45d8-9e04-2a7e08af828a'),(1793,373,0,'357e504c-e36f-44f0-8f83-725e4208dbe8'),(1794,373,1,'839c5837-5555-4948-a135-ebcda4e68122'),(1795,374,0,'c796510e-ff0b-4af1-8191-a203ecfc2a35'),(1796,374,1,'0de4547e-8edb-4a60-ab18-3aa30f537b94'),(1797,374,2,'e8bc470d-e86a-4a25-a26a-fda81df9a669'),(1798,374,3,'1d9119a1-89fe-4da6-b28b-171459d3ee3e'),(1799,374,4,'fb3252cd-9e6c-4b12-8a62-5dccf0cd6deb'),(1800,374,0,'fb340051-92fc-4f75-9a72-29e120febfbb'),(1801,374,1,'c0cad379-b783-44f0-a4a8-087d17d9fc6e'),(1802,374,2,'0602effd-8f73-4ce5-b24d-8f3a2ee794ce'),(1803,374,3,'93d4fdd3-d94e-47e8-aea5-9fead12b2d6e'),(1804,374,4,'f58b339e-a7b7-4937-9472-2159212bc5b6'),(1805,374,0,'49f48597-473f-4dad-80a7-d3f6792ab209'),(1806,374,1,'6933c185-4ba9-499a-b912-0ebbe9f4ccb7'),(1807,374,2,'f4e1d99e-ea09-4748-9253-185f681d9557'),(1808,374,3,'22460329-692b-4ce2-93cb-98afc3b00f5d'),(1809,374,4,'b786ff1b-fadd-43de-b891-2b7a9b9d5c2c'),(1810,374,0,'b041a607-dc1a-41a2-85b6-5ee72bf60c26'),(1811,374,1,'d6b0e869-6fb5-41bb-91b8-4bfc2d0eecb3'),(1812,374,2,'52fb4392-ac4c-48c2-9b08-cc1617c4f498'),(1813,374,3,'14e4f285-7105-4c04-baff-ea062c01a180'),(1814,374,4,'1e3e1d43-27c9-4498-a325-c9c29e0f23c3'),(1815,374,0,'daaa2801-92cd-47b5-b4d3-fb9e1aa11ee7'),(1816,374,1,'99e0d83f-c50f-4ff7-8a2a-d9098b8f27af'),(1817,375,0,'f192e4bf-f052-4274-b44a-2ad22ceaa710'),(1818,375,1,'2cce6118-b5bc-4d04-8e81-928103fd54a0'),(1819,375,2,'a0079f4b-3e54-46e4-b1dd-73cd106d74d6'),(1820,375,3,'48b44414-c775-4c99-baae-d2f6b8aebe9d'),(1821,375,4,'f936d213-1e2b-4c45-9769-9b533b3413a4'),(1822,375,0,'2062ecb7-1e58-4089-9296-8d1ec0bfc59a'),(1823,375,1,'bf99582c-5308-499f-88b7-68f81ca85ec2'),(1824,375,2,'30eda2d7-2598-4849-af4c-a66e9dac39d6'),(1825,375,3,'5c3984fe-5b92-445e-897a-2b127aa66258'),(1826,375,4,'7d17eb26-b533-4eab-b3ae-321ad4825f7e'),(1827,375,0,'72a81a92-2e63-4d52-84f2-0bc894568703'),(1828,375,1,'45b9b902-3fa9-468f-8459-5021e0a65c1e'),(1829,375,2,'9f3074b0-fff8-44f9-bd77-e364cfc35f78'),(1830,375,3,'1fe66196-52f6-4abc-8cdc-6de61c243269'),(1831,375,4,'8d4eeb9f-5ceb-4781-bebd-60627b5f42e1'),(1832,375,0,'79e525c0-f9ab-4377-bb0e-c49a7723b5ce'),(1833,375,1,'f13aaf49-63e4-48bc-855e-7325da737cc0'),(1834,375,2,'fc71256d-36b6-4218-8d38-f95a5ec81029'),(1835,375,3,'9c45cce0-fecb-4314-8ffc-6c21370bf2b6'),(1836,375,4,'8435f522-12aa-43ae-9aac-4ba4595275c6'),(1837,375,0,'1478fb0c-3ab8-4ef7-b3a1-c3c9415eea1f'),(1838,375,1,'ce399fb3-4e1d-4f0b-8e7e-52be3b267ee1'),(1839,376,0,'0e3a4c34-cc72-48ff-97f4-9b1b1d165c5e'),(1840,376,1,'6d21c25c-89bb-4b03-9553-2f5821c130ce'),(1841,376,2,'cac54a6d-f53e-49da-bcf0-0af39f9e6d95'),(1842,376,3,'4aec6549-9b65-4061-b3f4-e1a37c4a0ab8'),(1843,376,4,'a0d9e435-1966-4ce4-8bf8-becdf16879d0'),(1844,376,0,'e0071213-e7fc-4c82-9825-5512fea917ef'),(1845,376,1,'1bbc77ff-e0f8-446d-bb77-608f271b644c'),(1846,376,2,'d87bb2f8-a143-4fe4-8a27-bd8f238100fb'),(1847,376,3,'5adc05c6-46fc-4e26-87bb-dab42c89d20d'),(1848,376,4,'04c9d9e0-0a46-4db3-aeb5-0fc69925654f'),(1849,376,0,'8a8551c6-d4f1-467a-841d-dbee6c37c4d8'),(1850,376,1,'63ebc31e-973e-41c2-bde7-d9e60a8e85cd'),(1851,376,2,'21036e82-4287-45cb-b2b0-29f38c5fe037'),(1852,376,3,'f96f397d-04a4-4e19-b801-af070718786f'),(1853,376,4,'665b6d43-e52a-43de-8ebd-cbec65a5afca'),(1854,376,0,'760a8054-22e5-481f-9b40-c9c7a6605206'),(1855,376,1,'c6be0380-ef06-43e2-974a-95dced12a35d'),(1856,376,2,'7aed6cce-80c9-45dc-9f31-d427de168e4e'),(1857,376,3,'a6d2ac88-c27c-4bf8-af84-59f557be49a3'),(1858,376,4,'2cc18d26-22a0-4d66-b118-cb440caa2449'),(1859,376,0,'fb179b8c-279a-4c60-92aa-a517de05bc41'),(1860,376,1,'e998a4e5-2e25-4678-a108-947d82e4ecdb'),(1861,377,0,'348273f5-e5bc-45df-bbd3-ed22252add1f'),(1862,377,1,'e42d1380-791d-49c5-89c9-5578a3bb2a97'),(1863,377,2,'c188423d-b7d0-4364-8256-cc0237080663'),(1864,377,3,'9b10a5ff-5387-40ac-8ae1-bed8c3420a31'),(1865,377,4,'23dd2f03-1a07-48ed-ab53-d3ab7f6fe4b1'),(1866,377,0,'a26bb8a3-c2ab-4ffb-a473-ea08725c63aa'),(1867,377,1,'7f3f0d08-7872-4a45-94a5-3ee0bffff6d5'),(1868,377,2,'e4215e08-46d1-4794-9385-a2be74b61413'),(1869,377,3,'7ca01ad0-c925-4fb2-8c13-0c6182014a72'),(1870,377,4,'98e73e9e-4039-46d1-8287-ebb942bf2827'),(1871,377,0,'dac39b57-0d52-4381-81a2-3267a8532f21'),(1872,377,1,'e3844ef2-0835-43ed-aa81-183c4a7014c9'),(1873,377,2,'eb5a886d-7ca6-4cad-8cd5-f878405a09c4'),(1874,377,3,'edc8a690-0421-41b2-9d90-5497c9a88ef7'),(1875,377,4,'8109e091-fd41-4718-a26d-44f4d00e267c'),(1876,377,0,'0777003f-b740-43cf-a9f9-09b10d169afb'),(1877,377,1,'ae0b314f-2d51-4c80-b359-0cf5a9c81bec'),(1878,377,2,'f8c04724-bb6c-4c6d-8463-cd2f37553448'),(1879,377,3,'7bab5f49-a4ca-472d-b1b5-df5942bffa96'),(1880,377,4,'e7685091-1800-4096-be49-dc2fdb5ca399'),(1881,377,0,'e5808414-5dde-4c56-a142-32335013a15b'),(1882,377,1,'342441e8-cfeb-46bd-9153-c3f7c7871125'),(1883,378,0,'3969aaec-3552-4c0c-a9c5-ff86ef17904c'),(1884,378,1,'1c8ea91e-36ab-4c8b-850c-032d5eb151d1'),(1885,378,2,'2c69060b-581b-4006-9d93-4fccf3fd0fec'),(1886,378,3,'bc243b95-a4e5-4bea-9d61-e80aa6daa4d9'),(1887,378,4,'f0f0dfa9-a97e-4f23-b274-774492c42089'),(1888,378,0,'20c3ab3f-eaec-453b-855d-16434127b6d3'),(1889,378,1,'a043fe8c-65d7-40ef-80d5-97a7dc484f3e'),(1890,378,2,'ee1a379a-b859-4fe1-9867-2a23c61e171b'),(1891,378,3,'0b7a0edd-e5aa-48e2-9972-7c69d7fbdc0d'),(1892,378,4,'999253ab-3683-4ce2-a5fe-b44214a61c9f'),(1893,378,0,'b0a30129-a203-46f5-bc8e-e2b937d80f48'),(1894,378,1,'2f54e2a8-76d0-46ea-bfc8-6cd1062c3b1c'),(1895,378,2,'1c760273-3ffc-435b-b7fc-6d49b564b286'),(1896,378,3,'b07b3d15-8907-4c32-879d-563286c470c2'),(1897,378,4,'1c5cc106-fbe0-4b6e-8d25-c8bb54b6d0d4'),(1898,378,0,'3585425f-f378-49da-82b3-f56813549327'),(1899,378,1,'f59ec7ea-f0a6-4d15-9fe1-fd6f7b2d19a1'),(1900,378,2,'8589da6d-4b10-48e4-a278-9d374cf9dcaa'),(1901,378,3,'2e4d139c-c4e4-4cf3-b10d-501c6021cbaf'),(1902,378,4,'ca916f49-d6a4-4b17-bb66-9e580ab5e2a1'),(1903,378,0,'aa79c31b-9192-4394-a864-6f212c631d53'),(1904,378,1,'e058b5b9-d08b-4b8b-b053-915a1e365190'),(1905,379,0,'639ff761-7006-46f6-a514-2b31f1bc2ed8'),(1906,379,1,'6bd1699f-06c2-4d1f-8693-f73037b67194'),(1907,379,2,'58453bf6-587f-43f8-a831-95c517bb9ba3'),(1908,379,3,'735b4109-628f-4c40-b9ee-93b601ba8a3b'),(1909,379,4,'9d0a276b-a771-4ef5-8f0e-948c9241ad64'),(1910,379,0,'9544d98f-167f-47a1-a8f4-5fbf81a65158'),(1911,379,1,'6c5d7be4-ab0d-49c5-9b0e-562301caaeae'),(1912,379,2,'fc96474f-80e3-4ffa-850d-d84ea4ff10ec'),(1913,379,3,'ec732919-da9f-462e-a2b1-02203afdabe9'),(1914,379,4,'4409b818-180a-4055-b2a5-a0f77f421cbf'),(1915,379,0,'fc63068a-e01e-4ce6-b297-e4686db63381'),(1916,379,1,'c1cda959-dc64-4650-9a9d-75051dc5a846'),(1917,379,2,'b8d87d6c-1ade-4ad2-a714-38dea4f6064b'),(1918,379,3,'2666a439-c95e-459e-810f-10ffe73469ea'),(1919,379,4,'2525afe0-7375-4366-86a2-ab0ece8875c9'),(1920,379,0,'f49a408d-c257-4377-b624-fa06bef77996'),(1921,379,1,'8f01d2b0-e952-4ec1-9be4-73581ce22dac'),(1922,379,2,'5a00f05d-71d3-401d-b9a4-3a84ffd06672'),(1923,379,3,'789a1058-d060-48d1-844a-c6bca8eab754'),(1924,379,4,'41b3f351-ae8a-43b7-8fe1-caa73e03572f'),(1925,379,0,'66f0c693-4b24-4cca-83fc-5aba6896b43e'),(1926,379,1,'031147ca-800c-454c-a44e-cf89e8de384b'),(1927,380,0,'f053516f-f5fd-4383-ac42-c44619e2e1c6'),(1928,380,1,'f9f665b0-d6e3-4a80-8312-8022e9d21eba'),(1929,380,2,'f1251d8a-ad00-40f5-9f36-d3238cc15089'),(1930,380,3,'db14eeab-cefb-4ad7-9d31-cbb69ecd345e'),(1931,380,4,'443aee45-adf0-449c-9c19-320ee59bcd95'),(1932,380,0,'ba040fda-acd7-4ce9-a992-31c54abc236d'),(1933,380,1,'e0839c8d-fa08-4364-996c-ae4d946fc24e'),(1934,380,2,'997c2082-036c-4361-a64b-61cc02ac7dad'),(1935,380,3,'d0ce1a7f-8eea-4545-9c43-e61371094c40'),(1936,380,4,'9e130064-3651-4d2c-8695-3f8d3c15b59a'),(1937,380,0,'6c64211a-e71f-4518-9d00-211bac4ca40e'),(1938,380,1,'e0b82865-984a-4479-a0a9-045277e66fac'),(1939,380,2,'c62c2cfb-3c8c-4148-8226-020a3421ebaf'),(1940,380,3,'59b61fbb-bbbc-4df9-8325-57bf9a2ea472'),(1941,380,4,'8c37314b-3880-4309-b003-83c2ea2fe34b'),(1942,380,0,'6f493970-5830-47f9-9710-4c029fabaa2d'),(1943,380,1,'9a05ab82-086a-40e3-acdc-06b0d577f70b'),(1944,380,2,'ee0001d5-d077-469e-837f-86dba4dfd027'),(1945,380,3,'be11ad05-ad7b-44e2-9fcf-d00873cd6251'),(1946,380,4,'afe649cc-8217-45c0-9e5c-ec4eae00ce87'),(1947,380,0,'e4d83ff8-ecb3-402b-abec-77e5c5b73258'),(1948,380,1,'7d95acb6-7069-41c7-9f09-66e8c0c6bedf'),(1949,381,0,'6c192f98-cc10-466b-94c2-c82aaa2fb423'),(1950,381,1,'0a415681-3594-4ba5-916e-a11847e1710a'),(1951,381,2,'0be86d32-8cae-4d9d-9d47-504b575591b9'),(1952,381,3,'e52cdd04-c0e0-41e5-b35f-296d5c35d39d'),(1953,381,4,'119d4bcd-8a4a-43f1-8d19-c6d450cc1ceb'),(1954,381,0,'33eb0cea-436f-443e-a514-56c627d1c9ce'),(1955,381,1,'bb925ffd-4fbb-403f-8dd9-fcf5dd8444f8'),(1956,381,2,'a40f0f39-59a0-4652-87c4-d8ed73968898'),(1957,381,3,'1e574343-164f-4383-96f2-26c08377acc8'),(1958,381,4,'5b017c78-a92d-4542-9d11-92d807412ec2'),(1959,381,0,'9e5ab531-a65d-477f-9823-2f401f28c0f6'),(1960,381,1,'98ad8dd1-13e8-42c1-99b7-4d50dbf14b7f'),(1961,381,2,'1af8c616-4923-4da6-9677-d54157fb414e'),(1962,381,3,'c702065e-558d-42cf-99d4-ed2c81f652e4'),(1963,381,4,'44431804-1b52-421a-b4f9-1c34d54eb914'),(1964,381,0,'e47372ae-f49c-44d1-9fea-ce96ad7076d6'),(1965,381,1,'f996c817-3608-4f44-a832-0603e9cc1de2'),(1966,381,2,'7b9ad173-2bb3-4747-b91c-88849c533091'),(1967,381,3,'27278ade-5a66-4cd4-8e25-4ed198d8c77c'),(1968,381,4,'ebb433e4-507d-42ef-b602-5b0425191abd'),(1969,381,0,'bc7ef0ec-ba66-4fc5-8192-cb92232b4e26'),(1970,381,1,'05633fcc-937d-4eb9-a31d-bba89c7597e6'),(1971,382,0,'97ad4818-c0ee-41da-8241-966debfa905d'),(1972,382,1,'758fa23e-5154-4692-bb77-083182ace372'),(1973,382,2,'27bd2b0a-4087-42bb-a82c-e3ddd8b209bc'),(1974,382,3,'2e6b00bb-5782-48d4-b49b-2c4f0cc31015'),(1975,382,4,'898c0cbe-21c4-489e-8a65-9e779cc1308a'),(1976,382,0,'d02545d2-dfe0-488d-9973-476fdaf67692'),(1977,382,1,'779591d4-a562-4e54-88c0-bfc883e0438e'),(1978,382,2,'af5e2dd3-bf31-42ad-9504-f3ccfb74b54a'),(1979,382,3,'ec9e672c-f975-49e6-813b-4b0d4b3ef18c'),(1980,382,4,'4e283fd2-bcfe-47c9-b6fd-c37e519e25b1'),(1981,382,0,'7bbb8c93-401f-461e-9960-46c1cac658ce'),(1982,382,1,'371d523c-52f5-438d-abad-d6106a4e2a50'),(1983,382,2,'e8f1eecb-d9ce-421b-bf6c-41ac524e15c4'),(1984,382,3,'0887b7e6-1347-44b9-bc19-22b65bdd1efc'),(1985,382,4,'3b4e0748-4487-460c-bd95-5a02fca8b28e'),(1986,382,0,'f814e47c-6961-4e95-b299-36d0f885adbb'),(1987,382,1,'325a1c6f-6390-4e89-862a-3406e29779ba'),(1988,382,2,'41f5f5c3-6a73-428a-bf6d-0576390cd0dc'),(1989,382,3,'1a1df8ab-e90e-43f4-b47a-df056538d7ee'),(1990,382,4,'6b49fd06-8a20-4736-aa6d-c83aa3cbc7a2'),(1991,382,0,'0e1ac9a9-7743-4659-aac2-d13d2473d834'),(1992,382,1,'7c31c377-74f2-4891-9c5f-968c87af5bae'),(1993,383,0,'3a99b8d1-0583-43f6-ac5c-2d449ec0e3d8'),(1994,383,1,'84630e9d-a75a-47d1-8495-6f53d3da65d5'),(1995,383,2,'78536c81-e586-40e1-bf00-ec241902c942'),(1996,383,3,'ce8c3b17-219e-4ff6-b765-3adf2ad1f6ec'),(1997,383,4,'fbda569b-ec8f-4063-9330-e3fac4e37f50'),(1998,383,0,'7edb28bd-65b9-4903-a080-8eccc1f2fe50'),(1999,383,1,'626f51be-b173-445c-985e-09594fbb38ee'),(2000,383,2,'81ebda67-d4e6-46e4-a57a-1a1074a25c18'),(2001,383,3,'b0c1a3e9-611c-4b80-92af-2c23375f56e8'),(2002,383,4,'9f777818-e8a0-4d4f-afc4-941fe46bc9c9'),(2003,383,0,'dec54fae-42a0-48ab-8748-da872bd76aab'),(2004,383,1,'904b6ee9-0465-4f0f-885a-fd302083e512'),(2005,383,2,'39302734-65c0-48fa-9f07-511066a445d9'),(2006,383,3,'757f40d9-5e40-419a-a9af-680745946bea'),(2007,383,4,'af023420-cc9c-4549-b596-8dbf4e734b26'),(2008,383,0,'74647c74-4607-42e4-80bb-ed42857cf3db'),(2009,383,1,'69661899-b25e-45e8-b788-0ddb953dd428'),(2010,383,2,'b56f1026-0761-46f0-b509-8031166166ce'),(2011,383,3,'5a48ab74-5b97-427e-8c8a-7717b8592529'),(2012,383,4,'967a74bf-236f-4bec-90b6-ef41c92d6714'),(2013,383,0,'c58849fd-ebe7-49ee-9270-984a1e958bfd'),(2014,383,1,'df429af1-4a3a-44cd-a91f-62770ca39879'),(2015,384,0,'ed9c13b4-07b5-4f3e-ba35-d94ad6b74478'),(2016,384,1,'cd5b3728-9d02-4496-964b-f57bf06e87a5'),(2017,384,2,'ab2b2382-28b6-4d9b-939a-6ce849c9c3fc'),(2018,384,3,'e4340726-2e41-471f-83cb-1230d953e8d9'),(2019,384,4,'316773ef-8ac2-4d7f-b0bc-064a58559704'),(2020,384,0,'54c9d25d-87c0-4fd7-a893-afb99116ec2d'),(2021,384,1,'7eb6ece9-0346-4112-ac66-629e061732ad'),(2022,384,2,'0fb99e6b-b07f-4d83-94ad-522d70076638'),(2023,384,3,'d57810db-df3c-4cda-8f3d-dfc1387ceeb5'),(2024,384,4,'39848c66-5dca-4ba9-9d21-24534dd14ab4'),(2025,384,0,'a8c7622f-0acb-4503-83af-158ce2a4dbcd'),(2026,384,1,'5251a84a-be3f-4cf4-97ae-505452bb3707'),(2027,384,2,'071cb871-e616-4fee-ae7f-70815ce149ec'),(2028,384,3,'ed6b1234-1954-4007-a0ad-b362d94f81f0'),(2029,384,4,'fc906745-f9d5-4702-aa8c-90002ecefaf4'),(2030,384,0,'54e32ca5-6118-447a-9c22-15ed54dcfa0c'),(2031,384,1,'e1196e50-d385-4829-9872-48c3e99f007b'),(2032,384,2,'58def2fd-a94a-450c-b0e3-0e7decfbd415'),(2033,384,3,'649f1596-8157-43af-967f-4615d3cf603e'),(2034,384,4,'ec80af7d-60ca-44d0-b683-ab33e6228348'),(2035,384,0,'38bef6f6-a39c-4353-9d20-71d8e2ae0d52'),(2036,384,1,'a7b1a46f-d0d9-496d-bfd1-5e06af080bfb'),(2037,385,0,'9ea4517f-d55c-4d98-9ba6-0c511a48227d'),(2038,385,1,'eda9bd93-65a3-4762-a0c3-75b1f311c1f1'),(2039,385,2,'fed998be-ad84-4c11-b61d-5bb2d29043f7'),(2040,385,3,'f8def1e0-af71-409b-bdd8-029b2cc4d1a4'),(2041,385,4,'bc34edee-a987-4363-9a48-47bfbbc4721a'),(2042,385,0,'d11a4a7c-1b1d-4ced-b6a8-3575f60f21f5'),(2043,385,1,'df7d95bc-6ca6-4a7b-8767-b91139516881'),(2044,385,2,'47c15317-6389-46d4-8c06-72c9c5e5150e'),(2045,385,3,'6b31d7a2-8511-4583-a328-48e7723589b4'),(2046,385,4,'8ceaff42-d443-4d44-b5c3-2c06875d5ad1'),(2047,385,0,'8e94ca10-279e-4113-92cc-da90954497f5'),(2048,385,1,'30825879-9f1d-4286-882d-c78da6b792c5'),(2049,385,2,'6684a6e4-3faa-4751-a6b5-375d9d41be36'),(2050,385,3,'ede840ca-f980-4f38-a4ca-8e97032ad6b5'),(2051,385,4,'40d90a23-95ce-428d-97e0-651603abd1eb'),(2052,385,0,'a3f4571d-30c4-4f31-b5ba-1852ad6dff8e'),(2053,385,1,'cede23d1-d172-4bc7-92be-945c51e33bde'),(2054,385,2,'e8a7a9f2-0710-4103-b091-0d604e5d43e9'),(2055,385,3,'701f55ef-58ca-4b34-bc75-dcd8a62a44fd'),(2056,385,4,'a5fabc2d-898f-4f86-af1e-7911f3ee9cda'),(2057,385,0,'18ffd3e2-6a38-4810-952e-6697cd9e90ba'),(2058,385,1,'b0c948df-467e-4a07-adc0-20b596b87361'),(2059,386,0,'bdb34fbd-ac96-459b-9df2-99cc4ec612a2'),(2060,386,1,'d76fa366-e287-438b-a43d-abbfefef0832'),(2061,386,2,'52827e40-94a4-4fd4-9de7-1357304d6c91'),(2062,386,3,'367f5717-1881-4a63-997a-f9cd56989cf7'),(2063,386,4,'f51a6861-2fae-4382-906e-600d55df2ee6'),(2064,386,0,'132b3041-d0a6-405f-b520-1eba3235054f'),(2065,386,1,'b892cf24-252a-4a09-ac17-3fb6a620050a'),(2066,386,2,'7cbcba18-eabe-4c85-96f5-92c57638bca1'),(2067,386,3,'fee091d6-c302-4278-84a5-be723f71f41e'),(2068,386,4,'cc2aaf3d-4e4c-4f74-bc2b-ff377fffc5ce'),(2069,386,0,'f2022474-acf4-43f7-ba31-163f740911b1'),(2070,386,1,'6d880a5a-5207-4368-8fbf-7111f7ea3361'),(2071,386,2,'45e4d7d2-d82c-4204-a22a-bde366a09883'),(2072,386,3,'0464228c-39d1-46b8-adc0-35b4c8861a47'),(2073,386,4,'dfd0f51c-f3b8-492f-a24a-ff503fd02693'),(2074,386,0,'9821a51a-69a0-4317-810b-1e40e3f38458'),(2075,386,1,'073460d3-2652-44d5-abc7-d4706690bac7'),(2076,386,2,'14792482-b0f2-46cc-9c2c-444d59bdc230'),(2077,386,3,'4c2f32d5-973c-420a-b50d-edd9282ef3c1'),(2078,386,4,'701d6f8a-fb48-42e5-bd5f-9311024e6187'),(2079,386,0,'a45bcc55-3d5c-468f-9087-e818eeef7041'),(2080,386,1,'31cea68a-83dd-45cd-976f-2c5e7fc0ad39'),(2081,387,0,'ec1b24f3-970e-46c5-839d-947c8df431ee'),(2082,387,1,'ad17ec99-85a0-49fa-ab7f-3d5ccf476532'),(2083,387,2,'bafa4bc4-326e-4086-97d8-c15f7f39b45f'),(2084,387,3,'03f92bf8-d984-4259-bd37-071e47c2ba08'),(2085,387,4,'0f5da310-bb4b-4913-8f8b-aa043ccf435b'),(2086,387,0,'866a10c2-ed5a-48d7-9724-104a290fbf19'),(2087,387,1,'343aa697-fc40-4664-a554-7082ab8e4b47'),(2088,387,2,'6daa98f7-f14f-4600-bd36-0a6862757e77'),(2089,387,3,'22526eb7-bbb7-4e00-a9df-6d3db20d3d76'),(2090,387,4,'6bffdd44-c14f-4e1a-9f01-4a83bd5e7f35'),(2091,387,0,'268ff2ee-0c00-49e7-a82d-cc20b4be40fa'),(2092,387,1,'680afb25-6521-434d-9842-f1cf460549d9'),(2093,387,2,'51183624-1a8c-4bc1-896e-d022f9f01e42'),(2094,387,3,'484df7f6-b8dd-41bc-bff6-e14f6b27e3eb'),(2095,387,4,'c0579524-26e5-489c-bb3b-ff40386eb7c0'),(2096,387,0,'95e86c6d-3921-4aa2-9c8a-91de004533fc'),(2097,387,1,'b67dfd6c-9cb0-4dff-a609-9c5f06a8b612'),(2098,387,2,'222e14e7-e95c-4edb-85e0-962ee8b0a21e'),(2099,387,3,'c40a91fb-4475-458d-8200-76ea8b3a7e76'),(2100,387,4,'f10eb150-5845-41ca-8b5d-d14447f3bc98'),(2101,387,0,'5567a26c-d3dd-4be2-b52d-0f97bab97d08'),(2102,387,1,'85c98564-14ba-4a40-8bb2-161387989dc5'),(2103,388,0,'7c1e01bc-2eb2-4897-bcb8-cfaa05a49bc4'),(2104,388,1,'4cddc725-7d2c-4d87-aa5c-ac72247f2cae'),(2105,388,2,'2678441c-06e9-4cae-b472-b36d4a3e434e'),(2106,388,3,'ee30a1ab-438c-423c-946c-9aa8176b1eba'),(2107,388,4,'41b76da2-fddb-4f73-9cf8-d0612839c61d'),(2108,388,0,'4111cc31-0b0d-4078-876a-ad907c241c84'),(2109,388,1,'90c1bb91-cb82-44e7-b0a1-ae291fb128d6'),(2110,388,2,'b8d38a4e-8348-45d0-8900-f7696dc2d20e'),(2111,388,3,'2a97d4cc-8f26-4d80-8062-b71e02494b31'),(2112,388,4,'f75f01dc-22b1-4b9c-a9ac-c4a81022f4a0'),(2113,388,0,'5e1ccee9-d5b5-4ae7-a717-c848c07490e5'),(2114,388,1,'ccb38234-2f0a-4cb9-b63e-08511e2191de'),(2115,388,2,'206cdc35-e2e0-4270-89a0-96247263f3a7'),(2116,388,3,'9c0c9cf4-85dd-469b-ab66-550a03194dac'),(2117,388,4,'a550f662-9aea-432c-a6db-3bf9fab3396c'),(2118,388,0,'13bb4ea0-b516-490d-9510-f6c0147dd279'),(2119,388,1,'796a6d7a-24c4-4561-8d4f-5ef15672d0d0'),(2120,388,2,'87541e59-1532-4f6e-b61c-dc35825e3df3'),(2121,388,3,'0c36091f-1091-4ad3-b75d-7dee3e544c37'),(2122,388,4,'2088525a-7aa7-442b-8f06-c1cd83ac8a2a'),(2123,388,0,'4996799f-a50a-4af3-bb53-d7360d04bbfc'),(2124,388,1,'0e4dc0e3-befc-489f-933d-b801e69b1f35'),(2125,389,0,'0a43975b-a345-42c7-afa9-e606c0ccdebe'),(2126,389,1,'4363d234-f5cb-4784-8e55-a4e8f27b7d19'),(2127,389,2,'0cef567b-8cf6-4eac-9ec8-8b1a1e07c771'),(2128,389,3,'e203ec5e-81f8-4fe4-8292-edff79ef96a1'),(2129,389,4,'794ed2ac-af68-4d39-ac77-3e50fe144ce5'),(2130,389,0,'527f97b5-fb3c-4b5e-a8c5-69fa927b53e2'),(2131,389,1,'5f1e6eea-4d56-4468-8507-1a2647091f28'),(2132,389,2,'aeef91c8-8a33-42d0-8f91-aa361a0caab2'),(2133,389,3,'8692f460-fa45-429c-b446-5f1b6921f8bc'),(2134,389,4,'7253bf32-1d34-4d5e-ab7d-9efc2516daa4'),(2135,389,0,'7c67276b-7878-4c85-b0ba-ebb190114d98'),(2136,389,1,'46935750-3383-475e-ac27-81be63c8c8ba'),(2137,389,2,'f9f3c182-9992-4802-a0e2-5df1ae0322a9'),(2138,389,3,'c675f663-e06d-4591-a8d9-260a83812fe9'),(2139,389,4,'8d3ccf6c-9a45-45bc-8bb5-484018b309cc'),(2140,389,0,'15f0f7a9-0b59-4100-b458-125ec75bb3aa'),(2141,389,1,'50c1d677-e8b7-4dd3-846d-b5e10b44a2aa'),(2142,389,2,'e0ebbee8-1a62-4d26-bda9-a3cf971b1b21'),(2143,389,3,'fe5f438b-28ab-48ee-b670-d6a83ce54d77'),(2144,389,4,'a56c4c9c-0417-48f6-ab9c-cab4873e0d2e'),(2145,389,0,'5ace6345-ea4b-4bfc-9dbb-f146a86699b9'),(2146,389,1,'374898b1-8a41-4fa8-9a8e-c415dfedb4e1'),(2147,390,0,'49a81e5c-a7d9-41d3-a91e-d32effd72c2d'),(2148,390,1,'303c39df-f0e4-4d6c-a2fe-8ef9a48269d0'),(2149,390,2,'441a4fdd-2d81-45cd-b1e8-c36258c80ea1'),(2150,390,3,'9024ec0c-bc6a-44d6-8504-6a6cd0c04e53'),(2151,390,4,'bc63c6a7-78aa-49fa-9688-5db4a4039033'),(2152,390,0,'faf4b44f-4d32-42a2-b02d-678dc5c9bb9e'),(2153,390,1,'9c8a5c06-8d51-48e5-a1a1-7ada4c9e9629'),(2154,390,2,'ddcb79de-c9d1-4c6d-85af-ab5fcfcd7b08'),(2155,390,3,'e323f01a-b217-4704-be22-89c44fa1ecc1'),(2156,390,4,'daed8f91-0247-45a3-8162-3be80be27cc3'),(2157,390,0,'4f9ea3a5-1d74-479b-8a0b-495065aff9b5'),(2158,390,1,'58769047-10e7-48dc-b717-48dc452691e4'),(2159,390,2,'1ce631a3-cbc1-464f-ad03-ec467508ed53'),(2160,390,3,'018ed1ff-a97c-4264-a0e2-f85937761fd7'),(2161,390,4,'b3d33a2b-f3c5-4252-997b-fa0137714437'),(2162,390,0,'75dcb696-8f6a-4fb2-8dae-06b4c9028b47'),(2163,390,1,'28ebcaa3-d3dd-43ba-b693-e27f5261705f'),(2164,390,2,'e59804b1-8c49-49f9-8aec-62217e10b6c2'),(2165,390,3,'d401b93c-1c17-4142-beed-4ca2fd4417dd'),(2166,390,4,'ac8a17cd-2ff7-45ee-b823-19aa0a35eaa8'),(2167,390,0,'4e73c8c3-5805-4210-8b72-bb2c2f4d1f3e'),(2168,390,1,'fd3ad01e-e966-4110-86aa-6b8eeb680968'),(2169,391,0,'9115f54d-5f98-4ff6-9773-1c6003fc1116'),(2170,391,1,'5cd6a36b-91d0-4501-a878-3cae765fdc94'),(2171,391,2,'b2b02f1a-16d5-40df-a7f3-959bea894eca'),(2172,391,3,'f0e6f0d7-f987-4be4-baa4-f1a832b95971'),(2173,391,4,'b9357408-7204-4d13-8914-218edffbb391'),(2174,391,0,'8da6220f-9e74-4313-9e82-8ef053157b35'),(2175,391,1,'7cc72962-1c9b-43e9-b3e9-621270379785'),(2176,391,2,'da34ab7b-56d6-4e76-9d1a-ea5d9ca4420b'),(2177,391,3,'47135ab5-5d3f-4c1d-8c81-80ef21b302a5'),(2178,391,4,'6111becd-edd8-4db5-add8-41a54565857b'),(2179,391,0,'8e5ae1bc-9ca9-43b0-9de6-d04371b433b2'),(2180,391,1,'be1e6a2e-14e3-4697-96fb-b63ab703023a'),(2181,391,2,'9ebf10c0-bcf5-4052-bc14-ee89104c4195'),(2182,391,3,'a6fa393f-9998-43bf-9653-d011bbaecab8'),(2183,391,4,'e6d06a60-cd66-4f9d-9766-2560979992b5'),(2184,391,0,'9a989c77-8ef2-4e9b-ab91-27c6a9957118'),(2185,391,1,'15f9c93d-c37e-4f6d-adce-23b0af693f44'),(2186,391,2,'828b6b0c-0b20-4ec1-a1aa-5242b6ffb4c1'),(2187,391,3,'e6648ca7-6345-4b54-bb6e-d8bec00449ea'),(2188,391,4,'1640fd42-b831-4eee-a056-d2457af914a1'),(2189,391,0,'4e207d46-01d2-488e-9e7c-af429f89bd25'),(2190,391,1,'79cfb4e7-32ae-41c8-8566-9f5b6a96a5ff'),(2191,392,0,'93a70f5e-6460-4d99-a5fd-210ffdd9572e'),(2192,392,1,'4848a240-2537-422c-bf8d-27b89cc28101'),(2193,392,2,'e5ca9d2e-d059-4329-9e56-41ef4f54d359'),(2194,392,3,'b653bd6b-2b11-46e3-abea-d918c81d314b'),(2195,392,4,'650c270b-f65f-478d-b5dd-dcab0c572c47'),(2196,392,0,'66d0d14c-ddc6-4188-a8b2-aa45db6f94c1'),(2197,392,1,'05083379-f737-4ad1-b4ff-9f1f7803ea71'),(2198,392,2,'00fa2f1d-21e3-4b39-a561-fb88e0a7ac11'),(2199,392,3,'79565291-f6a2-4887-8329-52fc3bc0e461'),(2200,392,4,'34e526c5-e10f-4bd5-aa43-77842cde06b5'),(2201,392,0,'a4aeb670-738e-4fc0-9d80-a20683d249b2'),(2202,392,1,'bb4318c2-ad05-44c3-b04e-206a2186062f'),(2203,392,2,'4ea614b2-6f67-4886-9c40-b2d08530600d'),(2204,392,3,'501a6468-cf76-4dfe-9320-ae33d681f6a6'),(2205,392,4,'61f89c4f-31ce-495a-a417-b116e8f375d3'),(2206,392,0,'278cbcad-8faf-4ce6-a5a0-5a0125f909ef'),(2207,392,1,'3e66d590-78c2-4140-a512-751f1a6acfe0'),(2208,392,2,'6ca57614-0a7e-4d20-a5cb-ca9a358f41a9'),(2209,392,3,'186808a9-f950-402c-8204-859095abd730'),(2210,392,4,'e71b2205-d35e-4a03-974d-8531cbdbc705'),(2211,392,0,'e9ff481b-f105-4a56-a692-3809eff6b7cd'),(2212,392,1,'026dd9ed-a27a-46b9-9d19-1283815f93f1'),(2213,393,0,'64796073-39e4-4387-998e-2f005b808fdb'),(2214,393,1,'981b26cd-d5da-4cdd-a596-9d10c2dd6e1c'),(2215,393,2,'6fdef10b-9f74-4387-bc52-3734bd94ccf4'),(2216,393,3,'1b35e302-b1e2-4838-8c3d-9f765f9af0d1'),(2217,393,4,'394122ee-1afd-4ec0-b572-2793281e99ab'),(2218,393,0,'21c01bde-9ac5-4dfb-b722-22d23889cf7c'),(2219,393,1,'c738f4c0-55df-480d-b598-6007e7a57c40'),(2220,393,2,'e63e2ce8-e9d4-4893-b12f-94591a72c23e'),(2221,393,3,'d327c92a-5ab4-420f-8667-e9ae2f98ad27'),(2222,393,4,'f4cc8cad-85f6-455a-8b5a-c49ad804b5d1'),(2223,393,0,'b2332989-45f2-4606-a498-2d485fbc27cd'),(2224,393,1,'b99d60ce-b6a7-4cd4-899f-6480d726975e'),(2225,393,2,'44944c8a-7ca2-4eb4-b0e9-ab438259dea6'),(2226,393,3,'2517139f-3ff7-4c5c-b7d9-bc0e21011029'),(2227,393,4,'3b3e5be8-4daa-4506-865f-f688f4ea379f'),(2228,393,0,'87ec4751-d28a-4ab2-9198-a401dd557643'),(2229,393,1,'9b1da1d3-9dde-46c7-ba6c-9bd740e2af3b'),(2230,393,2,'249932f4-e93e-401e-a41f-7104c20b47eb'),(2231,393,3,'e9ac1890-ef36-44ed-8854-fec714cab118'),(2232,393,4,'e2cf7520-fcef-42e3-8e58-f7beb983d9d9'),(2233,393,0,'9caef58f-a06f-44ba-ae57-d84bd2d4bd6e'),(2234,393,1,'7bf05a95-abb1-4b08-8028-4de863cec9a3'),(2235,394,0,'b2a7c733-724b-4dcf-acf9-de6e746a2819'),(2236,394,1,'3bd376c5-6c1e-4c5d-9b08-e28c4acfdac5'),(2237,394,2,'bb2cce83-75b1-4bac-b67c-77de88552727'),(2238,394,3,'ddfb5045-0fc9-4d74-a037-0e639e599025'),(2239,394,4,'109b4da0-7403-44c6-8ea3-b462e8283cdc'),(2240,394,0,'5dcc8fda-dd97-46cf-a416-b9bcebba2ec9'),(2241,394,1,'ae75ea4d-cd9e-4d6a-b9e7-af08c2940148'),(2242,394,2,'4802684b-1c16-448e-b7de-f7ab32b68520'),(2243,394,3,'11e1b31f-8629-4683-8096-0756f0a4cd96'),(2244,394,4,'700d7424-734e-477f-b890-7680e9bbed2f'),(2245,394,0,'863bfe1f-9d52-413a-9912-954105a4aac4'),(2246,394,1,'62292867-5736-47f8-8f8d-e63017db75cc'),(2247,394,2,'a3f1da72-f7e4-409b-b0b8-c1aa88ae2760'),(2248,394,3,'c8ba5db0-f18b-42ac-975b-bcfde89cf091'),(2249,394,4,'5c1f77c9-d298-4139-b1f2-7559dd86ba29'),(2250,394,0,'82dd5d61-4f1a-48c3-ac7d-a1afbf22cc26'),(2251,394,1,'1c875f00-e707-4806-be1d-9bbcacb5a300'),(2252,394,2,'254cb063-49bc-41d7-8743-771e833b9e36'),(2253,394,3,'caaf7c2e-ee93-4082-85bd-68ec74b76823'),(2254,394,4,'01a9e455-ae9b-47c3-a2b9-36f1ae8f030a'),(2255,394,0,'1556590a-e944-49a6-8540-5100d7dd680a'),(2256,394,1,'d3f4917c-390c-479e-b312-875c2d27f039'),(2257,395,0,'54e18a6d-b281-4d70-9568-f90f90c76327'),(2258,395,1,'36b0b69e-0e58-456d-9160-fe9ce6612c19'),(2259,395,2,'800ab470-d0a2-48d7-ac09-5d99b45c1052'),(2260,395,3,'995babee-bdb0-46f8-bc30-34f921d91e40'),(2261,395,4,'1d30a993-e630-4642-a36e-953816061610'),(2262,395,0,'84741a8f-8dfb-493b-82c3-94172a4b3126'),(2263,395,1,'a2da5fdd-88f8-4bd5-ac5e-7dbb13a78c75'),(2264,395,2,'ea097f7b-62d0-427a-99a8-fcf4fea2c8ed'),(2265,395,3,'86c3d17f-dd59-4297-b46e-431d60ad3d06'),(2266,395,4,'ed85f188-e86c-47d9-bff7-7767a9f2590f'),(2267,395,0,'ffbc10a8-ee69-4c0c-95c1-92aac05e2164'),(2268,395,1,'e906b542-941f-4614-aef3-4386e4de3fcc'),(2269,395,2,'93cc218c-59dd-49a8-9f93-24a144ebf9a9'),(2270,395,3,'c55d7c12-8a5d-446e-b9d3-601ae88037ce'),(2271,395,4,'4c5dd6f6-c85a-429f-a395-0927e38e13c2'),(2272,395,0,'bf504218-65d5-44cb-bf74-4e8305723635'),(2273,395,1,'9d0d42f7-ed73-4613-9128-3c11511818e8'),(2274,395,2,'a1313199-87e8-4ac4-b634-16a0ce04a9eb'),(2275,395,3,'5f017161-a762-497b-9abb-ac7e31061c5b'),(2276,395,4,'32b2ea1c-4097-4f9b-af54-15567e64d28c'),(2277,395,0,'c8dffda4-a63b-4d33-b738-f85a32a72e2c'),(2278,395,1,'b6d6beff-0aaf-4dea-8a68-18e9d83f7d85'),(2279,396,0,'098d9acf-5668-448d-9d52-58aea34da8f3'),(2280,396,1,'8dc61754-74c6-495b-90a9-3ffd2ef3151d'),(2281,396,2,'4890fe81-f290-4d6b-8037-e5a36edb2bfe'),(2282,396,3,'cbe4f39f-3ece-4ad4-8005-1058704b6996'),(2283,396,4,'fc06da5e-97f5-4450-b8f5-6acf83557dee'),(2284,396,0,'62deb475-3b41-4eaa-a3cd-7dd1887d70bf'),(2285,396,1,'7f55a46a-d95d-42b9-a10f-f30e47e3a734'),(2286,396,2,'4ea0d265-2103-4a02-a219-be7e1cc84c10'),(2287,396,3,'12df6c9b-bf25-47b4-b4c2-7faae7a410dc'),(2288,396,4,'12f8dd86-08f0-496c-b950-59cf98160f43'),(2289,396,0,'50c2b963-ca03-4e0c-b446-7101dc2ac4ab'),(2290,396,1,'2a12d6ab-cfc7-45b4-949b-4296d59a4d33'),(2291,396,2,'b57039eb-6944-4e00-8958-680fa778d7be'),(2292,396,3,'0a298225-87df-4c7e-b0cb-42f78e65a2f9'),(2293,396,4,'aab4235c-0aae-43e6-87a6-e94aa06c5bfe'),(2294,396,0,'da7ba986-a5ba-42cb-8084-d525c447b4f5'),(2295,396,1,'bbf5259e-4171-4f7b-803e-1257660e15a1'),(2296,396,2,'28d948aa-fe20-4543-982a-001929d2dd0d'),(2297,396,3,'239d472a-faef-41df-93d8-e2b4674d66b0'),(2298,396,4,'a2387de0-8a51-4913-a470-e0210e7106b9'),(2299,396,0,'b005649e-2ee2-4f51-bf2a-448f18acfd96'),(2300,396,1,'60e19811-efe9-4b3e-8a3b-42fca507efe9'),(2301,397,0,'2befaf25-8924-4f33-a2d5-aaa9a50101fe'),(2302,397,1,'c7c60382-81df-4ff3-bdd8-c3fdaeec20dc'),(2303,397,2,'53a70bab-921b-4366-9942-0521e0232353'),(2304,397,3,'f3ed0ad8-b990-400a-ba55-6f79065d654f'),(2305,397,4,'c30dd0a0-e736-42e5-8632-02bc31b1d262'),(2306,397,0,'05f9b9ad-bbd0-4ac3-bb70-02058011181c'),(2307,397,1,'2f6174d9-6b1c-4eb6-8149-5f88b31461c6'),(2308,397,2,'d0d50d6f-97cd-4bdc-9d7f-787d4bf445e1'),(2309,397,3,'4e10715a-6db2-4ad0-86e4-b771e5d0a73c'),(2310,397,4,'780a8f65-3caf-4252-adfc-04ad159ed5c0'),(2311,397,0,'8bc6f2e9-ae0e-4ff7-9055-51afa32c0cfe'),(2312,397,1,'2787f6a6-026d-4032-aa7a-2c23dd8e4d1b'),(2313,397,2,'34b1a355-ba38-4644-9e2d-846f31cbf7da'),(2314,397,3,'e75638ac-af07-4e82-b7d0-df8907777035'),(2315,397,4,'a5d826c2-38c2-4900-ae09-9cd1990dcf29'),(2316,397,0,'6bc8bf7b-2967-43a6-beaf-4903897ba505'),(2317,397,1,'7f829d08-e273-4bc9-8742-a77b69ba2468'),(2318,397,2,'b987ae31-f978-4328-90be-91dc878803ec'),(2319,397,3,'5d456da0-aa03-4271-8821-e9d60528a861'),(2320,397,4,'5faa402b-baa2-4b4d-9359-d6423b341a44'),(2321,397,0,'28d0822e-fd0b-40c9-a9be-6400707a0152'),(2322,397,1,'7a37e717-569f-43df-85a3-b4ec00bf151b'),(2323,398,0,'4908105f-9c62-48d6-88e3-7c72d086afc0'),(2324,398,1,'03cc5f2d-9b4c-43f7-aa11-d6fd2614ad22'),(2325,398,2,'df91305f-0e2f-43c8-ba13-ee396e36b299'),(2326,398,3,'7e1e62a0-498f-4839-b9de-d219ccedcc2d'),(2327,398,4,'e1e4d66b-514f-4e1a-b505-3bd579737219'),(2328,398,0,'913efbdc-4da7-47f2-8850-f6338cf34126'),(2329,398,1,'b63a480c-91b3-4127-bc00-748a9f45f1e2'),(2330,398,2,'b8ed9405-2cc2-4360-82c1-44d694e98d34'),(2331,398,3,'b42dbf0a-d197-440c-8ab1-4763ba242c9f'),(2332,398,4,'02f21a6a-dcfd-4602-a12b-bc6e0fceeb64'),(2333,398,0,'b9f1dddc-a833-417e-9e5e-e0441a4a33d2'),(2334,398,1,'ebef1bd3-04bf-4b76-9ffc-e78398285e98'),(2335,398,2,'564d3883-b6a3-4c14-bdb7-8e3468ba5c9c'),(2336,398,3,'820f937c-ac5b-400a-9bb0-6817bfd74d6b'),(2337,398,4,'8297e11b-97ea-4030-814f-493a4b8d32a6'),(2338,398,0,'f90899ac-a6ee-4edc-b7fc-87984fea4a18'),(2339,398,1,'cc626181-c446-4e1c-8bd4-b1946fddd69b'),(2340,398,2,'65a99b52-8ac2-425d-9ff7-b7e2ccec4453'),(2341,398,3,'c5d8fc4d-351e-4b21-9bfc-21a544af3fd3'),(2342,398,4,'542b03cb-7e3d-4d7c-a305-0d2cfb918ed7'),(2343,398,0,'69a573c4-9ee8-4401-bf01-e6be1aaf51f5'),(2344,398,1,'0db38032-07b7-4277-a5b2-e34ec13423aa'),(2345,399,0,'b6e754d8-9e76-4eb3-9e3d-dc780cd17507'),(2346,399,1,'427f2567-bd13-42e8-bd15-ae2a8043c4e5'),(2347,399,2,'3bf7dfd0-0f56-410c-8ab6-2df7225bbf97'),(2348,399,3,'d444bfb6-dc03-4e22-8250-beb5cec730de'),(2349,399,4,'79dde2a6-6e62-43aa-9b1c-2ac48242473f'),(2350,399,0,'7565aa73-ae9c-4f08-90b5-a479ec450f02'),(2351,399,1,'5bfc16f3-6a35-40bb-bc77-ea0050cd6a08'),(2352,399,2,'622c2785-9153-429f-b4ab-5e009c1d585f'),(2353,399,3,'db09c73a-f5c4-4d1d-957e-c93ad5aab19e'),(2354,399,4,'6b86409e-f810-4a13-ab8c-e5562d264bf4'),(2355,399,0,'51d2077e-8d75-4557-aa83-2dd339336402'),(2356,399,1,'eb2816bc-9f52-4a91-a154-29b5639f587c'),(2357,399,2,'aa845d4d-bf84-470b-88f5-c222749a38b6'),(2358,399,3,'cb3d5864-60f0-402d-b03f-fd7ae20eaf8b'),(2359,399,4,'4b131c3a-851a-4ee3-a5a5-f3cb031f7e2b'),(2360,399,0,'f7bd1917-97cf-4db4-b4a7-44d46058ee78'),(2361,399,1,'8f975686-ce11-4250-8f5a-3b652afa849a'),(2362,399,2,'f8ce8101-5bea-494d-bb3a-d8abf32f26d0'),(2363,399,3,'9490742c-716a-4b4d-98b4-9930364ac78b'),(2364,399,4,'52d8842b-d5a3-4327-9c54-5c12a693e2e4'),(2365,399,0,'1c6a4655-ca2c-40e7-b129-c6273ef9f026'),(2366,399,1,'c366682c-5b09-4c2b-8b6e-71940869fa4f'),(2367,400,0,'8c0c95bb-4c08-4845-ad09-cd055d8262f5'),(2368,400,1,'6470bda9-2d0c-4a6e-8cba-311ee583b016'),(2369,400,2,'3397c423-50b5-4086-b1d7-d0076d91d544'),(2370,400,3,'588bef05-f7d5-448e-92bb-026e1328164a'),(2371,400,4,'d5211179-eeae-4aa7-ba5e-2a176312d654'),(2372,400,0,'726a6986-9767-4e0e-96d9-451d732247c4'),(2373,400,1,'61883044-a49f-42fc-ae1d-890486fedbe7'),(2374,400,2,'d8d0aaaa-4c36-4aff-b902-cca83add62ec'),(2375,400,3,'1a210532-0e8a-44bc-8b0c-160236408b01'),(2376,400,4,'d1c344e4-54d2-408d-9483-3bc3b4b3ad9c'),(2377,400,0,'83552be6-a4ee-4eb8-8b2f-279078129661'),(2378,400,1,'496b5f2d-a2ec-4666-a221-5e74c2159190'),(2379,400,2,'175de989-249d-4528-8a32-9eaee2fb07c7'),(2380,400,3,'a37491ec-0326-4f88-9fe6-59d8e223af78'),(2381,400,4,'8ca8a380-4782-4f78-b4b6-1e6780ad85f2'),(2382,400,0,'c6e015b5-de0e-4e08-a3d8-9c1daaf9f154'),(2383,400,1,'45ef6f2c-765b-42b6-a66a-3d72df59b392'),(2384,400,2,'aa63b75e-e5c2-403d-9bb3-cc2b982cf608'),(2385,400,3,'22b5d492-e4f6-4dca-a972-84fbc6181dc2'),(2386,400,4,'376163f8-142b-4728-9adf-1fff287bd473'),(2387,400,0,'a7fbdd31-3fda-4fb3-938f-7f5237e07e1d'),(2388,400,1,'091f585d-68a2-4757-90ba-b9ccb53c89fd'),(2389,401,0,'efdd54cb-d8f7-43ab-9e80-893ac157a190'),(2390,401,1,'1302f6cb-8c03-4ad1-b361-bdfe7db39a09'),(2391,401,2,'fd0da44d-e4ae-42fe-b8fe-53990d199392'),(2392,401,3,'21501404-bb87-4977-a344-42f80031da2c'),(2393,401,4,'c6ddfc9a-0b2b-43de-9096-e726450b14a7'),(2394,401,0,'b766c2da-771f-4bfd-a9aa-7e3f3b329021'),(2395,401,1,'c8adece8-35f9-45e9-9806-337568b83740'),(2396,401,2,'e196b701-423a-43e3-a47b-c2690a9d6f6d'),(2397,401,3,'d35296c2-6c6a-4136-b969-67057a967566'),(2398,401,4,'02961e7f-014c-4460-97fa-23039aa26593'),(2399,401,0,'ca5a8bdb-13e5-4681-9222-1659ed63fb36'),(2400,401,1,'33455554-6e13-4ed2-8c27-53a7789a1f29'),(2401,401,2,'16761ffc-6032-49f2-aa7c-eafdd7f75d1e'),(2402,401,3,'6e715996-d80e-4719-8e0a-ffaded3c8c19'),(2403,401,4,'3c53c3bb-1114-458f-8729-2599bc386ddc'),(2404,401,0,'49191ea1-e141-4b68-9648-df2d9836bd6a'),(2405,401,1,'8ec388d5-a1f2-4957-8897-03a7a9d6f9b9'),(2406,401,2,'59809e9e-837f-4479-93cb-32f8b84ee374'),(2407,401,3,'4aa339d6-2ddb-4f80-ba5e-0b41877f9991'),(2408,401,4,'1c297156-178f-47df-b5db-93d3ffcde588'),(2409,401,0,'441a9c4c-b2f0-4919-a4a2-f36a4c0fd375'),(2410,401,1,'28473955-245f-433d-ad33-ccf7d41fdbe7'),(2411,402,0,'2b9ebd20-f55e-4d22-bfc3-4ca8ee57ae8f'),(2412,402,1,'511dc0de-a17f-4c7c-8d21-c6ffc64a90b7'),(2413,402,2,'5b0bd41f-a4f3-46d1-b7af-a0c8ab43e700'),(2414,402,3,'9dc1cb51-079c-4afc-9afd-d984c16762ec'),(2415,402,4,'438f47d3-13bf-42ad-953e-f13bfe521ba9'),(2416,402,0,'9a48ed8d-54bb-4444-98f8-206bdffdc85f'),(2417,402,1,'1ae4eadb-5244-4021-aecb-7d8ce4d11dbe'),(2418,402,2,'d6eba0e7-2d9e-4e2f-afe5-7d410331c874'),(2419,402,3,'48f9696f-8088-4358-9b8c-1ef1ded495fc'),(2420,402,4,'ead92c18-f66d-4d66-af9e-72d1b70952a2'),(2421,402,0,'06dfc871-d323-48b6-8409-c49a89f3f6a9'),(2422,402,1,'bf2fd861-dba0-4084-8f81-47a2422a04bf'),(2423,402,2,'61dcb03b-f779-4785-856d-67d072967cb2'),(2424,402,3,'0eca2a68-a91c-4591-92a4-d81db92ccd04'),(2425,402,4,'c0eddff9-a9f3-4d6e-96eb-62a57e94c124'),(2426,402,0,'c6e9017f-20bd-4ea1-8f7f-6c3045cb7cea'),(2427,402,1,'af56ef7c-dc6c-4e32-9a4e-74510edd348d'),(2428,402,2,'1e37e619-b2a7-4432-8265-2ee9fdd076d5'),(2429,402,3,'e0772661-bdf2-42c2-a9cf-33939d05a4c2'),(2430,402,4,'008f9b65-d8e6-4afa-8dc2-6aa71ce4bcb5'),(2431,402,0,'911da273-6c39-4e74-94c1-8e711340303e'),(2432,402,1,'5eab67fb-880d-4a28-b093-a39cca87b491'),(2433,403,0,'9ac43e61-ef77-4a20-a52e-37dd5415ecca'),(2434,403,1,'68222e04-190b-483d-9915-34a6193ce2b2'),(2435,403,2,'4b3277ec-752d-47fb-9b79-40085503408b'),(2436,403,3,'1ea8b0f8-a641-4173-a313-f15f7525c9cf'),(2437,403,4,'d249267b-5b7f-4f9d-ba37-b7a3d69d832d'),(2438,403,0,'94cca845-4078-40a8-bd07-6b9c3db7e9b9'),(2439,403,1,'675e1eab-8619-4b82-aff6-c51365cdb51f'),(2440,403,2,'a108da0e-773d-40e3-9530-8731da5bdd62'),(2441,403,3,'a9274b95-30f1-4cf3-b2c1-348d4609a72c'),(2442,403,4,'9ba31966-cc40-4b69-a9ab-92f400b867b8'),(2443,403,0,'55c2a346-a07b-44c3-b3ed-a3466d2ae065'),(2444,403,1,'eabf2173-dfe9-4231-a462-c21b091b51fe'),(2445,403,2,'f47f410f-7640-4231-a21e-091787cb1d3a'),(2446,403,3,'f76ca304-f4aa-4385-9deb-4807f11929d6'),(2447,403,4,'eb8f3d5b-89cf-4869-9f0d-deb5c85f11de'),(2448,403,0,'81ed5033-e808-4f5c-bf20-793d71191a5a'),(2449,403,1,'6a3ec9da-ab56-4a65-ab91-191c49bdeb12'),(2450,403,2,'f61785fd-908b-4dc3-b518-3bab89334986'),(2451,403,3,'c5f9375a-b758-42a0-a25f-4bc6fbdc3688'),(2452,403,4,'4b192b10-2ac6-4100-b349-f34e99a4cac0'),(2453,403,0,'47252edd-6617-4dcf-ad94-86b5c53dd264'),(2454,403,1,'757b3139-c09d-4c8c-9ecd-d9995e1929b1'),(2455,404,0,'b825dd0b-5857-44f4-854f-2ae7515fda94'),(2456,404,1,'bec1f4ee-5979-4971-a59c-8e73d79aa2ac'),(2457,404,2,'654afee6-4063-4e4a-aef8-d03d48e41aea'),(2458,404,3,'33849b4e-8eb8-4e9a-9d3b-1186fcf168bc'),(2459,404,4,'1e827724-3680-4f0d-ac64-2351d9c97f43'),(2460,404,0,'166d6286-4003-4883-91c8-a1114049db2c'),(2461,404,1,'5bceab80-9e0c-4600-b01a-dc812af763e4'),(2462,404,2,'a833e2e8-04fa-426d-b34f-93471f2bffcf'),(2463,404,3,'5f0dfaa1-ad28-4b59-8638-7ce73c83f30a'),(2464,404,4,'2baa52af-104b-4c40-a21e-2e66d94c131f'),(2465,404,0,'69ea4ab7-eebd-40b1-bd8e-bc96036fcdf7'),(2466,404,1,'9d042c97-8934-43cd-8903-20dd46a2e524'),(2467,404,2,'81d88ac9-62e6-4aa0-a457-19868b9881f4'),(2468,404,3,'125f21a3-c4af-447b-aa59-9a731e993ea9'),(2469,404,4,'4ac5c130-66be-4e36-a20b-c9c1d8c24662'),(2470,404,0,'5ae38d9b-1215-4ca4-adda-73c36e6e8422'),(2471,404,1,'4555d5e9-541e-4b89-b6a9-694e45d70af1'),(2472,404,2,'27b197b6-8cd7-46eb-8f40-f7e6385f8658'),(2473,404,3,'046a75ba-06ca-4c94-936e-9a37f18b0204'),(2474,404,4,'1517636c-f35b-4e6c-81ae-9a5c9b3004d3'),(2475,404,0,'c803600f-e2e2-4b4d-b46b-9b874939a7ed'),(2476,404,1,'05c92e25-9562-4a99-80ac-8cefd7877194'),(2477,405,0,'558cd70a-c405-49f6-8f5c-c3091fa650eb'),(2478,405,1,'6e86afd9-4cc4-41de-9d3e-57b46249e439'),(2479,405,2,'2a7739bb-294e-4690-b3b6-2f8c24fefec0'),(2480,405,3,'ff87abb7-bdd6-42b3-a502-f20b18067cc6'),(2481,405,4,'a53daf87-67d5-479d-94f2-d4fb3a09d8b8'),(2482,405,0,'06143911-bdd2-43f9-bcc9-f7d8ff1142a1'),(2483,405,1,'929978c5-52b7-439e-8ff3-8290ed96df99'),(2484,405,2,'dc33b8ac-5a4f-4fba-aff1-5e23d8afec98'),(2485,405,3,'07f7b1e6-fd59-4a25-9cdf-77d032859f1b'),(2486,405,4,'883e7bde-353c-4099-af0c-4d5eb2075b28'),(2487,405,0,'0d4d3a8e-54cd-44ac-8560-b734e590cad5'),(2488,405,1,'0e13a7ce-d9d7-4f97-a077-aaf669683f40'),(2489,405,2,'5fe16d9a-6405-4125-9590-b6bd5426abb0'),(2490,405,3,'e8bfa0ef-c380-4d33-8068-ae85bfe30863'),(2491,405,4,'62d8e0ee-0031-4282-8e44-8367bfb6e83e'),(2492,405,0,'45ff868d-4cf9-478e-bbbf-5404d6da4089'),(2493,405,1,'80f283eb-6041-40f0-b443-075006e4ec92'),(2494,405,2,'d4cf57cd-2d9a-45af-90a0-5b539c314fe4'),(2495,405,3,'2a7cb497-b0dd-4e41-9c8b-291b39ffc6e1'),(2496,405,4,'2fa53b72-50a7-44d1-8fe7-93fd431f3695'),(2497,405,0,'00d9b3fa-0690-4bcc-ab29-8aa66d025a01'),(2498,405,1,'bfd1bec8-6110-41c4-ab6e-c066db2f1de0'),(2499,406,0,'2389373a-dd6b-4991-b09c-6bd9f4febd46'),(2500,406,1,'b5d22c2e-9904-40f8-86c0-4a0f2fd69dc8'),(2501,406,2,'6cda2051-0ea4-468a-9434-57b32e06c9ee'),(2502,406,3,'cd57a40a-088e-4677-afa8-a0517b3f7ece'),(2503,406,4,'ddab9b51-347a-4f98-a663-74411836f094'),(2504,406,0,'13ac400b-c6e9-422a-bef3-b32992d0dc6a'),(2505,406,1,'6414fd06-664e-43e2-a339-c95c76190032'),(2506,406,2,'d3268995-fe80-4fe0-b28a-ff3d4079d5c6'),(2507,406,3,'148b5730-781a-49ee-8e21-03fe9b99bcaa'),(2508,406,4,'e6ce8b0e-b17d-4e7d-bfe6-085c56366199'),(2509,406,0,'53ebeaf9-a6d7-4c54-82ff-bcacd1b445f7'),(2510,406,1,'6db66326-bd67-423a-b351-8e760784a7e9'),(2511,406,2,'2bba9ebd-a9c2-452d-a380-88321f490c71'),(2512,406,3,'70bf4ff7-cd37-4405-af62-cd9449dfab57'),(2513,406,4,'57037b47-190d-4b33-8530-55af9bbdf812'),(2514,406,0,'09a2d604-7058-4a59-820c-0981d950dbb6'),(2515,406,1,'02a4af37-0ab6-4269-9ff5-72b7e599f835'),(2516,406,2,'95521052-398c-43c5-9856-3d4a64e589ce'),(2517,406,3,'5f8d334c-dc0d-4652-924e-da4eac4c77c9'),(2518,406,4,'20ddbeb6-c2b2-4240-9cb0-7e53224d9f99'),(2519,406,0,'575c8b79-7d9a-42a3-b633-8bcb25a0de6a'),(2520,406,1,'daaa3ff9-6450-40e8-9df2-2ae87a873189'),(2521,407,0,'81fdb7fd-1a8f-4844-a68a-d001b06989dc'),(2522,407,1,'ec592f7b-d75c-42d1-837a-9ebcb66723cf'),(2523,407,2,'914649b9-e192-434e-a1ed-fbefc4dc2e56'),(2524,407,3,'7dd672d6-13ca-4fd2-beab-1a8bfd8104a3'),(2525,407,4,'fef55f26-59f5-4e9d-970a-fb3c53549fc4'),(2526,407,0,'dd12efb5-6858-4fce-9eff-d347c927774e'),(2527,407,1,'9d03c25a-95a9-445c-98ca-21825ed59cc8'),(2528,407,2,'1da1cd61-902e-4b8b-8156-79cf74763380'),(2529,407,3,'875e312f-9c57-4871-a500-1e81e050d180'),(2530,407,4,'6c6429f0-002d-474b-af29-8e3aef63fb71'),(2531,407,0,'3df188fd-bba0-44dd-a2c9-581b80de1e8f'),(2532,407,1,'1a598ff2-a270-4253-8266-34afa3d3ec4e'),(2533,407,2,'93fd3e7b-42fa-43e7-839d-9ca315c6b160'),(2534,407,3,'c55b0ee3-476c-4b9d-9fff-d2de0789c9dc'),(2535,407,4,'8d00ee6c-ff61-4970-8778-612d6704cf0b'),(2536,407,0,'ea73091a-fcf5-426c-8633-52e93bbaf64e'),(2537,407,1,'53f5668f-f906-4d71-abc7-131921faf10f'),(2538,407,2,'2dc84947-76d3-444a-9cc9-889f471c3abe'),(2539,407,3,'cb7fea94-a78f-4adb-8ec7-d1c89a9b3ea5'),(2540,407,4,'e982c63e-b9e4-4b64-909e-45c37b6f0487'),(2541,407,0,'51f8d89e-cc68-48a7-b80a-586b2348fd12'),(2542,407,1,'8e136fe0-d707-462c-81a0-c06435d8fc38'),(2543,408,0,'99c375fa-f120-4b3f-a707-bc6787544cf0'),(2544,408,1,'1ae09e99-ff63-4cb7-818d-c08788f44dfb'),(2545,408,2,'42ef7709-6b8f-4a64-a573-f7c451e3d3df'),(2546,408,3,'753d357d-7ec4-405e-9130-989cccf3c62a'),(2547,408,4,'1162cbf6-6b56-4a3e-90ac-5097f367dc73'),(2548,408,0,'f5f9cb00-3bd7-4d5a-8697-410a259bd557'),(2549,408,1,'767cde99-f9d1-458c-86e2-f36ba050997b'),(2550,408,2,'5c9b6582-b2a3-4426-822b-2f9646fe8e35'),(2551,408,3,'fe5c3a6d-f144-4348-bbff-399f2a23d788'),(2552,408,4,'2e3fdd3d-2803-47d4-ba51-62fced29e0f1'),(2553,408,0,'db9e9a0f-8099-4713-987f-ed1081d7ddfd'),(2554,408,1,'2a21a905-b230-41a8-8e48-d485b8df4843'),(2555,408,2,'7b519a84-5353-4744-80e5-617c7e1a6610'),(2556,408,3,'8533c869-802a-4f15-867d-c395c075b67d'),(2557,408,4,'a8007daa-fa48-43d4-bb5b-c814156c3017'),(2558,408,0,'b72eb999-3c60-45ff-b3ee-51f8f9db61a2'),(2559,408,1,'1045f868-b9bc-4a61-ad23-13470c378b93'),(2560,408,2,'3743663b-b63f-4d2c-91f7-7fa71dcef165'),(2561,408,3,'7028dbcc-7ce0-4533-89cb-9671a2f04921'),(2562,408,4,'d5ba2411-f548-4ce2-a987-4884ff9842e5'),(2563,408,0,'e2d5fd7c-9404-4b8b-ba52-ee1cead89cfd'),(2564,408,1,'2a11c23f-0fad-4b21-8c51-c36aacee4d4c'),(2565,409,0,'9b62e8f2-6e7f-493a-811f-456b190cc3de'),(2566,409,1,'6bbbd806-008c-4790-86c2-ff0b46ce54d2'),(2567,409,2,'422b083d-d512-4af8-b3f8-f82616e76026'),(2568,409,3,'7e0798fb-d4e7-4dcc-a55a-ca8729ce31e5'),(2569,409,4,'805568a6-73aa-428d-92d0-255df60475a1'),(2570,409,0,'22009e28-e6e3-458d-a1f9-53038270644d'),(2571,409,1,'03a36ad3-ecbc-46f9-a8bb-66daf7557ed2'),(2572,409,2,'e3df7e74-393f-467c-8027-1850ae2aa6c4'),(2573,409,3,'3c094208-deb3-43a9-a773-e2c071245655'),(2574,409,4,'708cb0b4-d28e-4eac-83d4-742e655cffc9'),(2575,409,0,'5424f2b5-a442-4030-87c1-9e42331276cf'),(2576,409,1,'ab6eae5a-f9bb-4ba8-9250-444d6c378c12'),(2577,409,2,'970397cb-7414-4e51-a0f9-611c4ba5e887'),(2578,409,3,'750f0794-749a-4e9a-984f-a661334394c6'),(2579,409,4,'9c8899bb-42b1-4a7d-a180-dbe49b614090'),(2580,409,0,'6532f2a8-5d02-49c3-a993-2de5cc219e12'),(2581,409,1,'41c653b9-2924-4172-977c-4b7656c70e77'),(2582,409,2,'326ce18c-60f5-436b-8ae0-15e2af3f22e5'),(2583,409,3,'9f6a0f7a-fbc6-49ff-9b11-fcab1116014d'),(2584,409,4,'554ada2c-6991-4f63-a9b9-b35b681bcf20'),(2585,409,0,'8f565263-5514-45d1-9999-7cf2a3d08c92'),(2586,409,1,'03be64e4-b0d3-432d-a96d-d8cf8d5aa73c'),(2587,410,0,'270aaba0-ccce-46d0-b00d-a76bd0d4e4c9'),(2588,410,1,'37f89afe-30df-4999-be6c-1cc6a61f7be6'),(2589,410,2,'b9a1ef81-04c4-42b9-bb2d-702ca90cead4'),(2590,410,3,'7d092a83-9bc2-4632-bd29-f64bf57093ab'),(2591,410,4,'10cb097e-11b2-4182-8b73-50fab98cccc9'),(2592,410,0,'0340d03f-7646-44e5-97c3-96f0f374e152'),(2593,410,1,'949cc9eb-e390-4c92-a4f7-a81fa8ca9331'),(2594,410,2,'6cf88808-14a3-4a7d-8393-d85112e5e05c'),(2595,410,3,'f0589044-378e-4b5e-9739-2638d1225a66'),(2596,410,4,'487c465b-48b6-41cf-8ad5-0cb655a00b2b'),(2597,410,0,'ff418669-1175-46d7-84ce-992b75c225d8'),(2598,410,1,'b16e21cb-66c3-4d2c-aeb7-df052b6ff5e6'),(2599,410,2,'04d21d25-cecc-4fc0-bb94-042043b7a3eb'),(2600,410,3,'c2b1f2d0-e742-4757-a739-8aa9cffe5f5f'),(2601,410,4,'d4580de6-06bc-4085-9682-d73de38e512d'),(2602,410,0,'33cb9a40-f416-47ea-a562-d91f38bea3ba'),(2603,410,1,'e8ae0894-6d98-44a8-98fd-d0408ad8977d'),(2604,410,2,'50c52677-3c13-451c-8ba2-92858920adba'),(2605,410,3,'3be67ce7-647d-4182-a6f7-f4baf2e82fe9'),(2606,410,4,'99a1a3a6-df08-4ac4-88f6-9bd7e67432c8'),(2607,410,0,'b0a06a59-c293-4080-a95a-8e4760b10e09'),(2608,410,1,'5cc5efd5-4148-4b3a-9547-ed747ccd1de9'),(2609,411,0,'c9158fc2-8817-4038-8c6f-dd7d64723d39'),(2610,411,1,'ff6b20ed-6e25-47c0-9e51-eb3d634f113a'),(2611,411,2,'b68580e3-542a-403e-9963-df1072a9693b'),(2612,411,3,'ad8be736-ebfd-4f87-bc14-767ff018f1ab'),(2613,411,4,'2f025ab6-b9d8-46b3-a763-34bb9e789c03'),(2614,411,0,'720ec05c-a17e-4a36-8898-3d992c639b96'),(2615,411,1,'4ee33c7c-3ece-4c35-b848-9262460c7bd0'),(2616,411,2,'54a75350-c50f-4e33-a20a-0e7b72b1c570'),(2617,411,3,'37f9d1cb-a825-4e96-80a9-34a912ff636f'),(2618,411,4,'8a305e41-ff54-44a5-a098-9791029d6d4f'),(2619,411,0,'c8b9b702-9755-4e2c-bf8d-82cdc8abd6d7'),(2620,411,1,'bfd940b1-a05d-4e07-be8b-856c1a49c097'),(2621,411,2,'d69726a1-e0e3-4532-8197-2fe3c28f2d35'),(2622,411,3,'034eff0d-4c9a-4892-9168-7fb1c5be26ed'),(2623,411,4,'7822de5c-2ab9-4f93-af1c-9de0e8b450ac'),(2624,411,0,'aa19f7a1-121e-4365-a873-fc6117eb12ca'),(2625,411,1,'7cbd1bdd-d727-474b-87b3-edb6e6e2042d'),(2626,411,2,'5126a259-c177-4a22-9298-aefc5851f055'),(2627,411,3,'3f64a1a2-a828-4501-ad3d-ff0ac44604ff'),(2628,411,4,'a0a4b12a-88fc-41ce-a7e3-d750423137e8'),(2629,411,0,'9d6b8a66-2f84-48dc-bd3e-9dbbb3d13b05'),(2630,411,1,'5ab934f1-42ad-4c96-a455-077831aa7e4b'),(2631,412,0,'ab91cde1-de5e-4e5f-b9aa-dca3a587bd04'),(2632,412,1,'35038af2-5af1-419d-95d9-311c4142f6cb'),(2633,412,2,'6f1818a7-9a41-44c2-a64c-06a2756005a0'),(2634,412,3,'41521291-ff22-4b96-9b1c-7ed38a69cc76'),(2635,412,4,'7f639633-838f-46d1-b6f8-069afb239fe9'),(2636,412,0,'9c59a154-f765-41f2-a61c-d90ba7ae9298'),(2637,412,1,'bf2d9293-e686-4b68-b07b-4346178942a3'),(2638,412,2,'fb829c69-9106-46b0-a149-0fcd8b096d22'),(2639,412,3,'436cb4f0-9b3d-4a0d-bd3a-7d1e11dfd07d'),(2640,412,4,'d9e05611-6997-4142-af3e-eed6edd692ca'),(2641,412,0,'ca3ee6bf-4aa0-41f4-8166-d37067a06572'),(2642,412,1,'d643e036-65ce-4725-80dc-445f08de014f'),(2643,412,2,'6c643fc0-d161-427d-8c42-69afbfa33b20'),(2644,412,3,'1d8f9b9b-2030-4ba4-84a0-d4023fffefce'),(2645,412,4,'2d51fcea-d495-48ab-8636-9cc2ff0957b1'),(2646,412,0,'5cae5964-ee84-4712-9280-a0aa80ac0717'),(2647,412,1,'4f3e95c6-ad08-4007-8d24-83d477f6c700'),(2648,412,2,'4e93e576-e2bb-4824-b923-55749371ccae'),(2649,412,3,'803b49f0-9ff4-4163-874a-926c026bd070'),(2650,412,4,'ce7dd35a-0c1b-44dc-9c4b-8f67c6ffc603');
INSERT INTO `store` VALUES (2651,412,0,'2a25ef18-4edc-42c5-9193-483746a8516b'),(2652,412,1,'e76804fb-1fcf-45df-870f-15bf370d279f'),(2653,413,0,'7887be96-58f5-4995-941a-2472d4e8f821'),(2654,413,1,'416e99eb-38d5-409b-b11f-1cff43313081'),(2655,413,2,'f87f24b9-bcf3-4fd0-a0d3-0bfd2605ba78'),(2656,413,3,'cc3ed596-5179-476b-a358-eba3c8a97413'),(2657,413,4,'812f096c-954e-456e-867e-a74034ba17ec'),(2658,413,0,'0f5eb638-753b-4346-ac10-d9ec11d97797'),(2659,413,1,'2ccf5d7c-8a43-4e97-9121-b259d2e50d07'),(2660,413,2,'90663031-096a-447b-8283-ce3040f16db5'),(2661,413,3,'62593baa-49c6-4255-ac09-2d8e0c9a2bf6'),(2662,413,4,'a052d1a9-eb57-4720-b54b-fbe4c22a07d0'),(2663,413,0,'72403c42-9b0c-4e7f-a381-1ba48fee159c'),(2664,413,1,'5078f877-12b6-4703-baed-5fc71e605243'),(2665,413,2,'3c496add-8a95-4bed-8f13-a6cfbd3a24dc'),(2666,413,3,'b35ffd10-67d9-4409-b085-0f60e9d46089'),(2667,413,4,'660924c6-5d30-4078-bd9d-a02358a1855c'),(2668,413,0,'10452da3-5a57-4a04-a258-04f82c1f5c3d'),(2669,413,1,'b47622b3-e3ca-46f2-9891-7f208280bc71'),(2670,413,2,'a1d0b211-3e06-4124-8618-224cb9b3c936'),(2671,413,3,'e38c1e20-90b4-41bb-a4ef-b879cf98fde3'),(2672,413,4,'8573ea9e-04bb-4e93-a0bb-e06e2b1a83ed'),(2673,413,0,'31dcf5a3-c94d-4ee3-bac5-68a5d9ffcaa7'),(2674,413,1,'6d64b7aa-4ee8-408b-a6b8-769ed9887640'),(2675,414,0,'a29fb8b6-6bee-43d3-a020-43a82ad8cbdb'),(2676,414,1,'1a19fab4-cfe0-4916-aa32-d52092d63c47'),(2677,414,2,'a650a720-84e3-430a-92b6-75697f5add3f'),(2678,414,3,'5f70c18d-695d-4e30-8878-6a9c900b9468'),(2679,414,4,'8000bdb9-3d29-410a-88f3-d5409ff5d255'),(2680,414,0,'49ef995f-0015-45ba-92f7-e025cbe87ec9'),(2681,414,1,'bca0195a-7e58-4bd4-8549-24f2fc41bbf3'),(2682,414,2,'b1d5df4e-380b-4edd-b9f8-6cb7b701145f'),(2683,414,3,'9400ed66-32ab-4882-8a97-b507377c5b20'),(2684,414,4,'b34d6246-ab03-4599-a802-256c4050ce1e'),(2685,414,0,'20145193-0ec1-4d8d-a11f-01b2376562d9'),(2686,414,1,'6fafe93e-9987-4e0e-9137-d0c9a34dfc63'),(2687,414,2,'f54017a1-7047-42c1-b94a-590d0013393f'),(2688,414,3,'4af7e024-64dc-48bb-9ab4-1beac5edc969'),(2689,414,4,'456e4d77-4041-4296-9764-48fdc22f6ef6'),(2690,414,0,'6299b10d-a554-40c8-b2e8-2856de5a7dfc'),(2691,414,1,'46eda349-44be-4e93-b088-0214628af56c'),(2692,414,2,'515b324c-b1d3-462a-b2a9-7583a0631a6a'),(2693,414,3,'14cf5d06-2b1e-437a-a248-2ea7c695d91f'),(2694,414,4,'94dfe2b2-d4b8-4348-b92f-0335462c8923'),(2695,414,0,'de7a361d-17dd-4afe-9260-dad2f01e589d'),(2696,414,1,'0f09d3a2-e51e-4b04-983a-b5e3e8387aae'),(2697,415,0,'f192780e-9808-4c60-a735-aad16e9d8f98'),(2698,415,1,'931effbf-2f0a-4021-99f8-8146020b1f40'),(2699,415,2,'11282ad0-9e6d-4502-980f-45ac2ba5c38e'),(2700,415,3,'1c30176d-fee4-4d19-a9db-66880ed8af46'),(2701,415,4,'c9f47f7b-15c5-487f-856d-79c55af153cf'),(2702,415,0,'324818ec-181e-4619-9cf7-baaf843caca5'),(2703,415,1,'c62883de-7969-4243-8523-2587d7554a50'),(2704,415,2,'b3a560e6-47f2-47be-bec1-cf18e09d4bc1'),(2705,415,3,'b208bee8-8125-4899-b90c-3ef8676bb967'),(2706,415,4,'b0e2b653-d111-4fe5-a29a-531281fc28a3'),(2707,415,0,'5014fb70-03fd-435b-a3f7-d2f77352ec55'),(2708,415,1,'754ed6af-fb56-4b47-97a2-ecb8f73ac036'),(2709,415,2,'f25fe8e4-3b22-43a7-a7ba-dfb5dc1b5fa9'),(2710,415,3,'add69074-df32-4a39-9884-b476f90eb296'),(2711,415,4,'401501e0-f199-4bbf-af2d-295cb689d112'),(2712,415,0,'af415eb0-930f-41a6-8a69-08413c0af0fd'),(2713,415,1,'26f87e7e-3f10-4193-b549-28709d3a5756'),(2714,415,2,'b915f779-2671-4de7-833d-1396ffd5177a'),(2715,415,3,'ce036d61-c35f-4725-b275-90937f48ab16'),(2716,415,4,'78d90330-eff4-4d1a-8a62-df226ef959b4'),(2717,415,0,'a93abd63-2480-45e3-b7dc-9b7ecde0a087'),(2718,415,1,'0b3377b2-fb58-45c2-822e-1bb606a6da0a'),(2719,416,0,'38af1053-dec0-4413-b139-ff47fe07db99'),(2720,416,1,'d3cf0117-028f-44be-b22a-2093d97f4225'),(2721,416,2,'5bef0b8d-5f41-4c2e-b150-7e92e95e8f68'),(2722,416,3,'4a6bc96e-c164-4fed-9012-68c357ca0e18'),(2723,416,4,'00283602-bda2-4fe2-9e0e-8cc7b96353cb'),(2724,416,0,'9f42ef65-6666-4eae-ba68-21ad820580d7'),(2725,416,1,'0c2bc14b-7ad6-4e68-9538-e2458de6aaaf'),(2726,416,2,'0853a4b1-f635-48a5-8e9d-f2d0d16dac08'),(2727,416,3,'f631f230-b7f5-40c5-87be-b99da5860b85'),(2728,416,4,'1fca35d1-78c0-4919-8705-1532e5f0ef9b'),(2729,416,0,'6d021d1d-915f-49df-9464-5336f6dd85bd'),(2730,416,1,'f9f3c7ea-9469-4a33-98be-0fe3fb0355ce'),(2731,416,2,'2e99d021-332d-4779-b877-33742f15c781'),(2732,416,3,'ab3ccb91-203e-42f3-9beb-782af2cc3c81'),(2733,416,4,'83af9cff-5036-4c48-8a23-7a94c5f0f84a'),(2734,416,0,'cbff5a8d-f617-459c-afc7-4ad8b520c0b4'),(2735,416,1,'402a83a7-433c-4f3b-9590-ece962c69c21'),(2736,416,2,'e063d215-7261-4b7c-a868-b545f3380a5a'),(2737,416,3,'3f8f8e7d-1717-4e64-82c1-f7593cee857c'),(2738,416,4,'0ef666ec-2ff1-4c71-b095-efc1f19d1e7c'),(2739,416,0,'dba1200e-5c93-4386-afee-5eaa1a4cb283'),(2740,416,1,'6a5396a8-1146-49a0-9732-cd817dbd6a0b'),(2741,417,0,'a16ae1c8-7df2-4d5e-a4c3-75eaedd85f60'),(2742,417,1,'f78cbcc2-2d8c-4cb6-9ea3-fda2274bc2bd'),(2743,417,2,'07675032-71d0-4b56-93e0-da02d9d081dd'),(2744,417,3,'c9783309-f166-489c-b6b1-f8852e87c06a'),(2745,417,4,'e5662be8-7691-49c3-820a-1531f9f0f289'),(2746,417,0,'7f815a29-68d7-4bf1-badf-bfd6cd889d3d'),(2747,417,1,'bb0edf1a-db34-4e46-a6ce-81d0affc144c'),(2748,417,2,'65068f07-6cfc-4da0-aa63-8916b5337311'),(2749,417,3,'7d9b6898-1b6e-42dd-b94a-ae26ccb5a64c'),(2750,417,4,'9c1b2d91-3248-48b6-9090-cfdc41451554'),(2751,417,0,'e77c4244-54f0-4d5d-bbff-0ec1cb704f9c'),(2752,417,1,'34fe690f-3570-4f18-a428-e53a3712e14e'),(2753,417,2,'888e6fcf-a4d4-4cce-8ba8-189ca5f9deec'),(2754,417,3,'63b6bd5f-e44d-4f6d-a1ae-f6b2fdf70158'),(2755,417,4,'23e8b50e-9d25-49df-869a-4f60a17d9778'),(2756,417,0,'8d753027-f5f2-443a-bbd8-c038bb7ec2d0'),(2757,417,1,'82a74601-1327-43ff-acd8-335cd88c5988'),(2758,417,2,'c248d0ae-68d2-4e04-bf7b-22988f412c33'),(2759,417,3,'20717fb3-6837-4c4a-8038-8ad55302088b'),(2760,417,4,'8022cf9a-760d-4016-97b8-162536315e13'),(2761,417,0,'01d00264-4cd4-46a9-b070-618b99d5eaa4'),(2762,417,1,'ef34cdd9-0472-4219-94a6-a6eb258af603'),(2763,418,0,'c9acaadc-c038-4aa3-a673-ccf51b76b8b7'),(2764,418,1,'29b12cfd-2054-4db5-8ab4-8ec7b90f76e3'),(2765,418,2,'f1c612b3-e526-41f6-8d36-6818023e0a0e'),(2766,418,3,'1c3a6498-b658-4271-9b88-d3fdbcc1cd68'),(2767,418,4,'1c8cd34e-5df1-40d2-8034-416e61f359c8'),(2768,418,0,'e554f46f-2cb3-45ea-9675-e8ef28cad2e8'),(2769,418,1,'07f6c11f-49cb-43d3-b965-4af259f38aa3'),(2770,418,2,'9e8733fb-674c-401f-ad58-6da0a10fc932'),(2771,418,3,'29c35130-2bd0-48f4-9812-d8426c02990e'),(2772,418,4,'5dc56780-479c-4bbe-a72f-22ce9b886ef6'),(2773,418,0,'95490da4-8ffd-49b2-b92a-b5fc58b3f276'),(2774,418,1,'d32e790c-3ddd-47b5-9f7f-7179dcdf3cfa'),(2775,418,2,'001cf85d-482a-442d-9aea-ee572fcffcd8'),(2776,418,3,'14414ca6-6db2-4ed1-aaae-4db9dae4aa9b'),(2777,418,4,'6d212f48-9e84-4e37-a4ba-8c481a56ca9c'),(2778,418,0,'4ff1021a-ddea-4986-9d8f-875b43b60119'),(2779,418,1,'1887db99-ddc0-4caf-a042-3ab8d5762b79'),(2780,418,2,'63943eae-5a24-4055-8ffd-5d66ef1a4aff'),(2781,418,3,'5e6d85e2-ec10-4f66-ac5e-ee55d71e4798'),(2782,418,4,'db4a9c0b-c8c4-47b2-a5d1-5149e5a4c6da'),(2783,418,0,'2bdb8560-d559-40a4-9f2c-9fea1e67a47d'),(2784,418,1,'74c9ffc9-2ccf-4244-b7ce-7020ad6793f4'),(2785,419,0,'6065658f-3fce-42ba-868c-425ab55cfccd'),(2786,419,1,'374cd549-c562-485a-8279-b1a3b8576012'),(2787,419,2,'3b0474cc-2cd4-4297-ba81-fa5b64e7b824'),(2788,419,3,'fdd5bb5e-e90b-4316-a03c-7069373bc5f4'),(2789,419,4,'6581e388-9d38-4eb8-a12d-11d18e28972a'),(2790,419,0,'762a4d26-126e-4ccf-bc57-c2cc28088c2c'),(2791,419,1,'b1f4cf04-ad58-482f-9e1d-f6fb0a1ecd34'),(2792,419,2,'ae1e3b4e-20b8-4448-a290-7caa5cd53441'),(2793,419,3,'00e22fdf-2bed-450f-befb-e8b41fcc96d3'),(2794,419,4,'a6d39938-d0ab-43c9-babd-6dbdce6cf94c'),(2795,419,0,'7a5ee68d-4294-44a8-b53c-6d14453c25ea'),(2796,419,1,'e070f974-5a7b-46fa-8120-e4c25594e8ec'),(2797,419,2,'32b8b09e-be27-4f4f-8f9d-e0260bcef6ef'),(2798,419,3,'2c4e0f47-e549-4c48-aa51-fc768cff86d9'),(2799,419,4,'e6487748-df77-4a6e-83ef-1f2db4344ea4'),(2800,419,0,'f7b63e3d-6841-4243-a398-d9e22fe18881'),(2801,419,1,'3ac76e1a-54e8-4a25-bade-7082bff1f7d9'),(2802,419,2,'de7fd208-45ed-48c8-8e20-5cf9ee78b76b'),(2803,419,3,'3e23514f-e075-441b-93de-1119d7bffa32'),(2804,419,4,'6a146c33-1a44-4253-8ebc-ddfbf0724724'),(2805,419,0,'0169d52b-7b6b-40bc-9206-d4c719fc3564'),(2806,419,1,'63dd6f15-ff20-4bd5-8905-e11031183df6'),(2807,420,0,'8a1cbc6c-017e-4ba0-92bb-cf4f4a572e80'),(2808,420,1,'7258facd-8393-4175-bafd-8b1dc793915c'),(2809,420,2,'260b1708-1be4-452a-a9fc-feed6f5d753f'),(2810,420,3,'55751f9d-ca1b-4e22-8bd1-bda48f44a404'),(2811,420,4,'8fae8c00-d10f-42b8-9948-a350c234612b'),(2812,420,0,'f8f56b06-2c3f-4b64-9f2d-e2e9de28ba17'),(2813,420,1,'c69c3bfe-28a8-468a-abdb-d1f19f062982'),(2814,420,2,'1cfc9070-1c87-411a-ab95-5894ce6fd464'),(2815,420,3,'45ca28a1-6ac6-4f88-bdd8-b0556d9b8aa6'),(2816,420,4,'d216e271-3331-4690-8743-bcb0e9a97942'),(2817,420,0,'a26a66a4-7e71-407c-8c8a-4e0ca4f57031'),(2818,420,1,'fd339790-d5af-4572-962e-1724edc4239e'),(2819,420,2,'5144e837-5400-4c3e-87b4-0b911914460b'),(2820,420,3,'034ad6ad-53ad-4f06-bb55-e136b61f52c9'),(2821,420,4,'80b4d384-9715-4da6-a882-8029952d2195'),(2822,420,0,'30caebd0-06fa-49ae-ae42-76e45d569d03'),(2823,420,1,'12acfa4c-0702-45eb-9b09-e55d405dc358'),(2824,420,2,'6724f0d4-110f-418f-9d0d-9132c45541e3'),(2825,420,3,'2ef1c6ca-473b-48bb-b609-31f654065a87'),(2826,420,4,'aae69ed8-15f1-4e06-bdbb-ae8125e6a182'),(2827,420,0,'079b888b-23ab-48b1-905d-2abbb7dba16a'),(2828,420,1,'c477cbfe-1f4c-4b77-b4c4-9abdb7c0d86d'),(2829,421,0,'8af93f9f-406c-4f67-8a37-04c1f4a39881'),(2830,421,1,'b6e1cc1b-a59a-47f5-8437-bfe0c4355ad2'),(2831,421,2,'a32f4b24-12f9-4bd7-90c9-698cc6371939'),(2832,421,3,'1c51db25-9f14-4436-865f-af842a11bcd4'),(2833,421,4,'46e9cbda-1b9b-415f-9577-faf75b16a2e9'),(2834,421,0,'aa191033-72fd-4d0b-b998-3bfd3f39e40a'),(2835,421,1,'608ea5c7-e8f8-4ec3-a83f-1d004050dcf5'),(2836,421,2,'59caba4b-59ed-4c44-88d7-9ed70d727519'),(2837,421,3,'f61ce6af-e4d6-4177-bc77-bda21353e74c'),(2838,421,4,'fd88311e-0b31-456b-a6ae-31b4f428a64c'),(2839,421,0,'293c7c25-b4a8-44eb-a00e-6d6d1e3f9fbb'),(2840,421,1,'19d76c25-e242-4964-b00a-d8b3999ea03c'),(2841,421,2,'b9fec300-fc94-47d7-ba3d-687fcc6a97ce'),(2842,421,3,'4ba15126-4298-4fd3-b6a2-05024e10441e'),(2843,421,4,'a3f3a037-4158-4249-8ba2-0f0b3c82c24f'),(2844,421,0,'47fbe87c-58a3-418f-b2ba-84fc3d87651f'),(2845,421,1,'e65e80fb-650f-4d6a-ac63-8034ab5f3ac7'),(2846,421,2,'6cbcd11c-c740-4557-9128-6b1a2914d364'),(2847,421,3,'188c5fd7-9b77-4c48-bd36-4d1dddfca4b5'),(2848,421,4,'69952b69-843f-4f2d-918c-b20aa3f380b8'),(2849,421,0,'f68c0368-3c5c-4f01-8f00-e57b489eae14'),(2850,421,1,'95b4239a-aeed-481d-9ad6-c4722ac7ff19'),(2851,422,0,'6be7e3a0-d2aa-4fe4-8680-535002963631'),(2852,422,1,'330a2844-52d4-4b44-9615-33d969adf497'),(2853,422,2,'1f8360f6-43fb-48ee-8fc5-caf789e2913f'),(2854,422,3,'8ef916d0-eaa9-42ce-8f92-5dad9e4f9dce'),(2855,422,4,'d6c58459-3c40-4815-b35a-12d51e2cb7c4'),(2856,422,0,'123270fc-199a-4647-a588-290da1f3b4e2'),(2857,422,1,'ab8fbefe-fda7-49f5-b5e1-cb783850f30a'),(2858,422,2,'6f6c4209-5e45-42fa-8745-d34ea21e75c9'),(2859,422,3,'7fd222c3-b079-48a7-bb76-6b850cd28cd2'),(2860,422,4,'c409e55d-505a-48ea-8031-45ae0656cb9b'),(2861,422,0,'62f8434d-e53e-4dca-87a9-bd0075bd571e'),(2862,422,1,'687d356e-1fe1-4488-bac2-57711ae58b6d'),(2863,422,2,'426e4faf-3e13-4a7d-8785-3c68da748f91'),(2864,422,3,'36921515-2d78-49f8-995b-f1af786712f7'),(2865,422,4,'5192ffd0-9a45-4077-a70b-8ec82cea966b'),(2866,422,0,'bd987750-f666-4cbc-8b7b-7f12bd58e0a4'),(2867,422,1,'c88de7c0-45ec-428a-ac1a-96e12d7f36f7'),(2868,422,2,'0a303b28-733c-46f2-a1d4-85639bc54448'),(2869,422,3,'1ac73daf-faae-42a5-9117-01c739c7ed17'),(2870,422,4,'0fdba567-39db-497e-acb0-32a7f6a9a037'),(2871,422,0,'4fde6218-0738-4911-8b33-b245a7a53349'),(2872,422,1,'842c587a-1f09-4b10-a354-5fb5ac9c50d0'),(2873,423,0,'b746d61d-82dc-49e9-bd77-923cf01a0159'),(2874,423,1,'8cc39651-7e13-400b-967c-2401908b5e1b'),(2875,423,2,'588af015-87f4-401f-8570-3fb28f47c880'),(2876,423,3,'91f1423a-e24c-4b72-9205-fb552291978b'),(2877,423,4,'08d3e0ef-dd74-491f-8d37-cd2ae17ebdec'),(2878,423,0,'d98218ce-1458-4d36-8e8d-5463508aeaf6'),(2879,423,1,'9401862e-fc14-467f-9327-02676b37b1d9'),(2880,423,2,'3841a963-89a7-443b-a053-588cf8ea9342'),(2881,423,3,'ce341ec6-6d1c-49e0-8ca0-e1a83b74d4dd'),(2882,423,4,'fc4531a1-dadb-4342-a494-f31e2387e096'),(2883,423,0,'de53f501-306c-4ee9-836e-05d3777d476c'),(2884,423,1,'87ae8c50-ef36-4760-94b3-a8b98c11223f'),(2885,423,2,'d9ac0f0c-77b5-4eed-83d8-a4e947063d18'),(2886,423,3,'5c664bfe-4c92-41e2-abac-8d988c5e1c04'),(2887,423,4,'205a6f54-2198-4caf-8347-e657346e69b1'),(2888,423,0,'66cc3751-f46e-47a7-973e-b80f3b7dc92b'),(2889,423,1,'ec372c1f-0880-46db-890c-0f512dda7109'),(2890,423,2,'552b03ab-17bb-44ac-aeb2-0c2fa257053a'),(2891,423,3,'ea9d3e03-2d16-4907-aa9a-acd1ce24c175'),(2892,423,4,'888c27fa-0e9e-4623-9273-46976cd77777'),(2893,423,0,'3e8851a8-a526-43eb-a7c3-5fd338fe871b'),(2894,423,1,'8a850749-933e-4611-82a8-f4aa0f79aa99'),(2895,424,0,'10554289-48de-4c01-aab0-280db72117e4'),(2896,424,1,'7ae33f97-823f-4322-adbd-bbe30c1bbee8'),(2897,424,2,'e83452fd-782b-457c-8526-c7a30f96df8c'),(2898,424,3,'a45b8385-e57d-496d-92d3-7ee4f35e3f10'),(2899,424,4,'220fe63c-373b-4715-8bf2-3a62e7bafe4c'),(2900,424,0,'dac4a933-114a-490b-90f7-ee9c67389984'),(2901,424,1,'dbf94743-ba08-4cf9-b6a2-a99cb13a4baf'),(2902,424,2,'b3a6b45c-bb3a-4578-95c9-2033438750e9'),(2903,424,3,'9a18e6cf-c036-4ca7-a89f-75bfa066a81e'),(2904,424,4,'59de2557-f779-4852-ab29-77b34117f29e'),(2905,424,0,'4afc2103-80e9-41cc-9529-61f834306096'),(2906,424,1,'5b795307-52d0-4093-8d6e-1d96d7f092f7'),(2907,424,2,'c990d39f-2137-4bea-852b-6072150770bf'),(2908,424,3,'e829d9ac-1b1b-49e6-85b6-ac7949e0a1b2'),(2909,424,4,'81c1f6e3-1b0e-47dd-95db-580b75b986fb'),(2910,424,0,'ab59e1d4-23d1-486a-b29d-20239def62eb'),(2911,424,1,'086ba0cd-99b1-4fb2-bb51-1815a644a658'),(2912,424,2,'6234e10b-6f83-4192-b6a8-e0be03d8381b'),(2913,424,3,'adf48a80-54c5-40de-8c55-3b8b25d2d143'),(2914,424,4,'033de2a0-6af8-4423-925d-b076e7581634'),(2915,424,0,'6b502964-a4be-47c2-b7f4-d0e1537ae729'),(2916,424,1,'3d259773-7ed6-45fb-8810-9ae9b0c84cb1'),(2917,425,0,'adcd6dc2-27e6-4421-a468-88699daf1c3f'),(2918,425,1,'ffb42e3f-0a5f-42f4-ada9-c7001ade7668'),(2919,425,2,'c642e782-064e-4daf-80ed-737a96eba226'),(2920,425,3,'70b20c92-99c2-498d-ac3a-5918323bb02d'),(2921,425,4,'913dc185-217a-4016-9aba-1997f3e3f710'),(2922,425,0,'89cd8871-0f39-4fa3-bc72-b24549361461'),(2923,425,1,'7366a396-cd7f-421b-946a-63a8ea38fccd'),(2924,425,2,'3b60138d-04cb-4bf7-8768-e9c6d447ee11'),(2925,425,3,'66dd2b17-28d6-4151-96fe-af4999a57825'),(2926,425,4,'872e74e8-6e67-4ed6-a7bc-c4fd6659c65c'),(2927,425,0,'96f8aa2e-93e0-45a0-b174-7297e9478352'),(2928,425,1,'a7367d8a-c9a9-4539-ad73-b449bdae620f'),(2929,425,2,'d9f4e3e1-ad40-47f5-9d11-5e3a6918ca35'),(2930,425,3,'0082c31f-fcc2-48b5-90ff-d9261d33ec3e'),(2931,425,4,'b4fa0de9-7e21-49f9-8187-e97170ca5dce'),(2932,425,0,'a610f487-d512-4246-a49f-5251004678ed'),(2933,425,1,'aa0fe515-7dc0-4b7f-9d38-a09cce81adb2'),(2934,425,2,'ac0cf682-eabe-4ba8-b40c-236687c615d2'),(2935,425,3,'10df9810-bf10-4f22-a823-5fc6c87deff0'),(2936,425,4,'c2a4913f-193f-4e23-8483-2e023cb80453'),(2937,425,0,'f0cd11f2-bdf3-44d5-b569-faeae9bf4a67'),(2938,425,1,'0ea29646-d845-4ead-8103-c686b8d4a442'),(2939,426,0,'a507ef4a-20af-46e1-b994-62b6296645b4'),(2940,426,1,'4c7b87c0-5d96-4970-9ba0-a9c7f88277b9'),(2941,426,2,'f4d76824-6b30-4901-950b-3a2643f8c89b'),(2942,426,3,'42f7be40-7812-4710-a869-f72432dbcd8d'),(2943,426,4,'ea64cb8a-ce5b-4efd-a0be-9bfe029a6914'),(2944,426,0,'885301fb-ce49-49a5-af88-b4f890543cb6'),(2945,426,1,'7dcbd01a-977f-40a9-90dc-dbaa9a245512'),(2946,426,2,'8619efbf-3f26-49d4-a479-d4382aa01a19'),(2947,426,3,'98188b9b-1a6b-4b20-be77-31ad3beb5a28'),(2948,426,4,'4fe8e581-e753-43bf-83bf-4f228feda729'),(2949,426,0,'7934f40f-a930-4d7b-aff9-56b12020f4b6'),(2950,426,1,'7d937a6b-3d5e-415c-a5b7-a97004b0579e'),(2951,426,2,'e922ec24-5049-4f61-9876-e06b501f0742'),(2952,426,3,'6215e3cc-626a-4eb0-bec8-1913ad1f5fe3'),(2953,426,4,'1ca04fd6-d24c-4516-8b85-ac04cca37252'),(2954,426,0,'7645f43b-e2f4-48be-9ee2-2970a82d26aa'),(2955,426,1,'a9dd1f80-2e43-46db-a540-c708fdfab20b'),(2956,426,2,'0e31a276-49c5-4185-b583-c1593ad4a8d1'),(2957,426,3,'b033df2e-66d4-4022-b67f-137fee3cadc4'),(2958,426,4,'714a39f1-bf6a-48ad-bf6c-b897e7b18db7'),(2959,426,0,'33c1eb05-6e38-4dff-8759-2fa0f25e4ef5'),(2960,426,1,'12e0e72f-4d85-4685-ae5d-ceb74ca9a266'),(2961,427,0,'ec2cf9a1-e92c-4498-bdec-189673ce68b7'),(2962,427,1,'a9f91ec4-b70a-4f83-ba43-f27987d18ede'),(2963,427,2,'d366943b-0045-4ba6-8e79-51190013dba2'),(2964,427,3,'a2b193ec-4b33-45b0-9538-ae4d81698c56'),(2965,427,4,'149db029-5792-4b2e-8a84-41f7eeeead8a'),(2966,427,0,'62819b0c-a3bc-4a74-a3b7-d9c67fac787a'),(2967,427,1,'10687c36-4102-4fb8-ac1a-6b87f2a3af85'),(2968,427,2,'75deaf60-2faf-4d68-92a1-de2efabbfdf8'),(2969,427,3,'c1ea8a68-7e97-45af-94ac-e7b77208b40f'),(2970,427,4,'a834d59d-af92-4204-a4c1-977e2ad4f7ff'),(2971,427,0,'f89f2fb9-eebf-4a50-9c04-5b39965cc7c9'),(2972,427,1,'9315f2ed-c8d8-4c55-8c52-36504b6692f3'),(2973,427,2,'a2536a20-6fcf-464f-87b5-5c940b73fff1'),(2974,427,3,'f8032ec0-608a-41db-bdbd-cfd811b0cc9c'),(2975,427,4,'53db661c-5259-4d85-8355-26ecd4512992'),(2976,427,0,'098e5c3c-9fe4-4f52-bf9f-1d64668967df'),(2977,427,1,'81910dc8-3c10-472a-8c8c-9f49c4880600'),(2978,427,2,'4b46934a-9b52-4540-8b27-61d237295760'),(2979,427,3,'1114faac-4f16-4825-bad0-653ea10e62b8'),(2980,427,4,'c7ec8574-918b-409b-af0a-2fcfb7347404'),(2981,427,0,'3f9413f3-2f69-43fd-9631-518ecb2060b8'),(2982,427,1,'8fc596a9-18dc-4622-98c2-9d43ea29104d'),(2983,428,0,'1101ed08-7989-48b7-94a9-dc9f136645aa'),(2984,428,1,'ef939a0e-8ec5-4c47-b8e5-58f3fbda9270'),(2985,428,2,'90a7c3d8-e8f4-4c1f-b803-4dc7935284ac'),(2986,428,3,'4d60d6c0-2493-49a0-b7dd-404f8e0ce09f'),(2987,428,4,'d7a53421-1902-400c-91fa-596828b76af1'),(2988,428,0,'ff34ec75-3b1f-4a70-887c-162da625dc6f'),(2989,428,1,'2d492500-2c66-4a00-8810-a91d0e000a94'),(2990,428,2,'43f61ca9-c3e9-4fc4-bcaa-df85ccaba327'),(2991,428,3,'9ec501b5-0565-49f3-a464-866b05614855'),(2992,428,4,'419c87d0-d788-4969-9f93-5bf30a730f6e'),(2993,428,0,'b84bfe44-3159-4a97-a986-3799b673b306'),(2994,428,1,'0cd21582-5306-4629-b77a-7ec30249e516'),(2995,428,2,'a6df9ce6-8f0b-4fc1-bf85-3af0846130b3'),(2996,428,3,'ad986f88-e1b0-4ddc-9140-aa311668e869'),(2997,428,4,'c1b93293-30b1-4b16-a64d-fda8fc17d5c9'),(2998,428,0,'db2e13fc-3eb6-45ac-b35d-3820ff2fd67a'),(2999,428,1,'6ccf92f7-7796-4ca1-b959-06e3ae94cb4c'),(3000,428,2,'187f1cee-1fd5-4232-a911-07e1f0dcb5da'),(3001,428,3,'32604eb1-7c0d-4f44-8521-5c953b8ce96e'),(3002,428,4,'bbffaa92-15ec-404f-a0d5-d934fc44f301'),(3003,428,0,'0d5cbced-63d7-4784-9f59-bd976a8315c3'),(3004,428,1,'dd710c72-947d-478b-90db-99b74a2445d7'),(3005,429,0,'0162f27a-37d7-4d39-a552-91d0a3d45c44'),(3006,429,1,'7239feae-18eb-416c-bdf7-5b3d605fa4ea'),(3007,429,2,'be050f33-132f-4e95-9236-3f33056e8a90'),(3008,429,3,'6bd40634-d8f9-4edb-a4af-295145eaf427'),(3009,429,4,'f42273df-ef85-4f96-a53e-4b946c752fdc'),(3010,429,0,'c915c399-4a88-4e87-af51-9b6335796deb'),(3011,429,1,'344c270f-b045-4ab9-b60a-ff720c3691af'),(3012,429,2,'b1537af8-6601-4a43-8ee6-2212adaf6bf4'),(3013,429,3,'4e67a8e3-349d-47b3-bf32-2cdc64000609'),(3014,429,4,'b364dd48-6e7b-4874-8989-7c496bdc60a9'),(3015,429,0,'983dc973-cd79-4839-be4d-3870764ccf23'),(3016,429,1,'bfbc9559-f993-4d2b-b3a5-fd27bb64c211'),(3017,429,2,'d109360f-ca0d-4ca9-beb1-1a9e82202329'),(3018,429,3,'718b51e4-802e-43b4-a4cc-7f648def4938'),(3019,429,4,'eea275dc-8992-43f1-a35e-f210c11aae2a'),(3020,429,0,'50bc22dc-b86a-4798-ac05-3049774b54d1'),(3021,429,1,'d1d57f38-b7eb-4f65-9b2b-05f5bdb1376b'),(3022,429,2,'64ae5cbc-503f-44ba-bb78-153fc6443502'),(3023,429,3,'5278f89c-f52f-43a8-aede-5b44e2592f89'),(3024,429,4,'457d6427-afd9-4e5b-8abb-0bb8c9f99c3d'),(3025,429,0,'44925992-dc1b-4005-a4d6-ddc9229502ea'),(3026,429,1,'4d7ac2f5-2d8c-4667-b2a9-ad60b36646b9'),(3027,430,0,'e3d5bbc5-b005-4682-a4e0-8f163bd13d18'),(3028,430,1,'50e1d564-245d-4b1a-95f1-3a22ca5ece2f'),(3029,430,2,'d808c885-c9a9-49b4-a3d6-0fe7ee200961'),(3030,430,3,'147b0ec2-92ea-43cc-a996-a0a53af90a82'),(3031,430,4,'e65fa107-384b-4e62-85d1-e37cfb50fc21'),(3032,430,0,'6dabd1cc-88d2-4376-b82c-684441bc49c3'),(3033,430,1,'666dcdfb-ef97-49b5-b7f4-6563f1deaef0'),(3034,430,2,'93ccedc1-e98d-4228-82a5-770ad8c46a3a'),(3035,430,3,'c28033a7-5518-4b97-8d6a-57eb08db8bd6'),(3036,430,4,'0910c315-2adf-4a19-ba84-7afdeac14420'),(3037,430,0,'c60f72fb-9771-4c64-a5e0-4565e7767dda'),(3038,430,1,'2865ef28-7f7c-46fe-a3ff-c31fd17ec905'),(3039,430,2,'f93c03a7-0d78-402a-ba30-284cca878fa7'),(3040,430,3,'4e7d5b75-68c1-4884-861d-3436e76112fa'),(3041,430,4,'014e7d60-a5d5-4f70-ba0d-a3e3fe8b9cf9'),(3042,430,0,'5860473b-990d-4a0d-8e69-00a4645b7bff'),(3043,430,1,'c239b1e8-91e9-49b1-877f-6a8d2a842b2e'),(3044,430,2,'0dc5f209-2c0a-4dc5-a9f3-601316c14feb'),(3045,430,3,'0f1ac563-b7b1-4f8f-8aa8-9475b420a527'),(3046,430,4,'c0fb5079-4747-4469-98e4-5a04d4cad45c'),(3047,430,0,'9a4fb9c1-4faa-4d5c-8ba8-2866e9d16bcc'),(3048,430,1,'2eb3e3a9-a796-440d-8217-688192842867'),(3049,431,0,'073a685d-d3f7-41dc-ba51-738c1653b221'),(3050,431,1,'ad94742e-64b0-40b7-b53b-6e73fd5abed2'),(3051,431,2,'fe6245cb-3152-4e6c-a2a1-3ff7f4c9377f'),(3052,431,3,'31b37fe4-4bb8-4ea7-ac2f-78833536dbbc'),(3053,431,4,'ed1bb018-c99a-44bc-b672-a5eaca119869'),(3054,431,0,'6d3abb5f-0611-43ab-8f0e-f37e32d941cc'),(3055,431,1,'158c64b1-fbc2-40f2-ac46-76d24472596f'),(3056,431,2,'dbdc1a00-664d-4564-90fd-b294b34ef25f'),(3057,431,3,'515c86c5-d78d-427f-adc7-beb6575aff93'),(3058,431,4,'2b62ab96-3b2d-439d-a5f9-d01e85623fd2'),(3059,431,0,'50cbdd7d-6067-478a-ac4d-7772f12aa5bc'),(3060,431,1,'fba1ac17-f9f2-48b3-b9f1-9b1a6496725c'),(3061,431,2,'8d7a5760-801f-4a23-9545-ad01387b1a14'),(3062,431,3,'a1a8358a-e4d9-44a2-b902-c05b347528eb'),(3063,431,4,'d20f63a1-69fb-4f66-8a6a-9236d288ea90'),(3064,431,0,'94abdef8-3a15-4590-8d20-e364191183b3'),(3065,431,1,'87a3b192-3e10-4cc1-9cca-9d632ec8ab03'),(3066,431,2,'49fd6eea-10b9-4b71-8d91-47fddcffdd4c'),(3067,431,3,'87ae0bb8-4162-4a23-82bc-41d87c5993a0'),(3068,431,4,'cea56998-24d6-4ea9-b009-176f25e9eb75'),(3069,431,0,'a3d14b0f-cae7-4f3e-a73d-04a4d619a8df'),(3070,431,1,'ff963183-de03-422e-849b-9408697d417e'),(3071,432,0,'40aaa006-a99b-4a89-ba8d-e8c17e92be32'),(3072,432,1,'fe68fc66-fd01-4c4e-bc04-67da3abe73d2'),(3073,432,2,'48151ac3-de84-4944-844c-31d0dea38e62'),(3074,432,3,'853d89d8-7807-4e9e-9bce-aa04d43b345f'),(3075,432,4,'9990c156-5b1d-4e03-bb69-f17ebab366f5'),(3076,432,0,'86c11d2c-80a3-412f-876c-a63143db9724'),(3077,432,1,'56c60f11-4117-4eb1-8caa-f6d8195cf74a'),(3078,432,2,'e2809526-4149-498d-8aab-8f8a572fe5ef'),(3079,432,3,'8be843f7-17f8-4f5a-a211-68a04c86fd74'),(3080,432,4,'c01d007a-6048-4698-af11-68a2d85a5457'),(3081,432,0,'73a62ca6-eea6-4881-986f-6ee9cb8b5b12'),(3082,433,0,'2e8f1062-c9de-41a2-b037-341f1bcd0b19'),(3083,433,1,'5042179a-88c9-420e-a185-5c28f93417f4'),(3084,433,2,'c2791d75-043c-42a1-8b6f-beb347adc0d4'),(3085,433,3,'f6dda295-862a-442f-869c-8c1dee82d355'),(3086,433,4,'8d93b5f8-532c-4c71-87da-b54c72ee6df0'),(3087,433,0,'a13da4b4-dad6-4736-8419-86bfd01e70d0'),(3088,433,1,'9aa42ef8-9485-4602-a136-e8f1a792a63b'),(3089,433,2,'a51537d7-f6b0-4517-8336-46f93bed8c0a'),(3090,433,3,'933e1db4-d73e-4fad-9b81-11ef4b8dbf71'),(3091,433,4,'004025a5-8bef-4cbc-912f-780ec87d41cf'),(3092,433,0,'348eb7cd-d111-4486-9ec8-534839e6bd4c'),(3093,433,1,'5f54296b-6af9-4553-895c-c02e5cee5548'),(3094,433,2,'b22eade9-e6a6-4dd5-ad37-8243564ee905'),(3095,433,3,'3603d10e-03c7-407c-acae-dd042326b9f5'),(3096,433,4,'7893df69-4175-4461-b1e5-ce7a34051958'),(3097,433,0,'6dbca06b-7a37-4ed2-9e6e-9fe23247963a'),(3098,433,1,'922a5d5e-0ea3-4941-bf75-d33ee09139c9'),(3099,433,2,'eab137a6-10ef-4f9a-ba31-42dd2dca4f26'),(3100,433,3,'f50ecff6-4124-433f-ba6f-0f276e9ecad7'),(3101,433,4,'f21c686c-2bdc-4dff-97d0-eabb86cdb289'),(3102,433,0,'d091f59e-c932-4c59-bb3e-137e3acd168a'),(3103,433,1,'0192f711-da10-412f-a6d7-67645dd404fe'),(3104,434,0,'8df14037-fa22-4d33-98fa-e83bad5411cc'),(3105,434,1,'9f68748e-7d19-4074-bc09-e8832154fe88'),(3106,434,2,'00216a43-7892-411c-b2c8-845b73eea548'),(3107,434,3,'a9f6f8a2-c9e9-492a-9b53-e746becd77ea'),(3108,434,4,'f5975532-9c6d-40ec-9227-d3f5bc73ba11'),(3109,434,0,'0571c7b7-217d-4da8-9dd4-19c92cc92f80'),(3110,434,1,'507c296b-dc1b-44e8-a2e1-a01780a6827f'),(3111,434,2,'3725f171-e713-4beb-8199-de14634d5465'),(3112,434,3,'27b35981-7d2a-426e-a6ef-e3cb86ff001a'),(3113,434,4,'5969a9d3-366e-4277-9aeb-e6ff63ad3729'),(3114,434,0,'adcef4b3-82f5-4a0a-8321-83168465f8da'),(3115,434,1,'945eb6f1-2b6f-40bb-b401-8ee6dae19120'),(3116,434,2,'f2cf3423-a68a-45d8-a385-2ab7493ab8db'),(3117,434,3,'3c7441d9-4077-4fa2-a982-a3d2edb0e9fc'),(3118,434,4,'318a07de-047f-48fa-aab1-ea96d31d8658'),(3119,434,0,'1caf3a49-dac6-491e-a71d-35392c039c60'),(3120,434,1,'5d9dcc6e-04ee-416b-804b-f849a6e46591'),(3121,434,2,'92d3674f-3ddc-4be9-927d-8c9cda731e1e'),(3122,434,3,'695eade3-2d1d-4bc3-99d2-f06d7a5cf8a7'),(3123,434,4,'08fb5b3e-ca3f-4b65-929e-a4894e212732'),(3124,434,0,'1e75954f-06dd-4e8c-9056-25ba200f32d6'),(3125,434,1,'c8176c36-2c18-459f-8262-240c9edeb7c7'),(3126,435,0,'308e1d5d-a279-43cb-81b6-4390d49e02b0'),(3127,435,1,'c81bc388-d9be-4fec-aa73-31956aa73fcf'),(3128,435,2,'93bc3ab8-8b8a-4634-99d0-9626ec9cec8c'),(3129,435,3,'b4007e45-4076-4578-b730-82b38975b737'),(3130,435,4,'474be62a-4c4f-4b50-8a5a-9f1467c6855a'),(3131,435,0,'88eaec79-7f68-4d80-8283-99c73c71a4a5'),(3132,435,1,'416d9f48-d01f-49dc-99e5-fe5564a09e58'),(3133,435,2,'4dc9bdfc-a2d9-4453-bec9-4b77aa877d0c'),(3134,435,3,'a82ce645-561d-4ba3-84a3-7d0c28def6ef'),(3135,435,4,'ce21ae70-d8c0-4859-84af-167fa72ae47a'),(3136,435,0,'d514bdfa-e432-480d-a920-64cedc840d57'),(3137,435,1,'db1f8bbf-fa6c-433d-a789-5f77ca0ee1b6'),(3138,435,2,'8748cb4d-0710-471f-b177-4e98dbc9c891'),(3139,435,3,'6300d588-0dcf-43f2-91eb-74d722bea2a4');
/*!40000 ALTER TABLE `store` ENABLE KEYS */;
